term_ja	reading	term_ko	term_en	axis	kind	definition	related_terms	source_urls	accessed	notes
楊貴妃	ようきひ	양귀비	Youkihi / Yohkihi	BODY_COLOR	STRAIN	주홍(朱赤) 단색 체색의 대표 품종. 호박 메다카 무리에서 나온 주홍 암컷에서 고정. 개량메다카 붐의 계기.	composed_of:朱赤	https://hinsyu-zukan.satumano-medakayasan.com/page/21/ | https://jma-medaka.com/wp-content/uploads/2022/08/250901_【公式】品種分類マニュアル_第５版.pdf | https://medakapedia.com/strains/youkihi	2026-09-28	広島・めだかの館 大場幸雄, 2004. JMA 공식 형질명은 '朱赤'(楊貴妃는 닉네임). medakapedia 고정률 99% 이상 서술.
幹之	みゆき	미유키	Miyuki	LUSTER	STRAIN	등에 청백색 체외광이 실리는 품종. 체외광 형질의 기원.	composed_of:青(白)体色+体外光	https://hinsyu-zukan.satumano-medakayasan.com/page/19/ | https://jma-medaka.com/wp-content/uploads/2022/08/250901_【公式】品種分類マニュアル_第５版.pdf | https://medakapedia.com/strains/miyuki	2026-09-28	愛媛・菅高志, 2007 발견(medakapedia는 2008). 초기명 '背中光強ダルマ'. JMA 공식 품종명은 '青体外光' 등 형질 조합.
背中光強ダルマ				LUSTER	STRAIN	2007년 제1회 일본메다카품평회 수상 개체의 명칭으로, 훗날의 미유키(幹之).	composed_of:体外光+ダルマ; same_as:幹之	https://jma-medaka.com/wp-content/uploads/2022/08/250901_【公式】品種分類マニュアル_第５版.pdf	2026-09-28	菅高志, 2007. same_as 幹之(초기명)
オロチ	オロチ	오로치	Orochi	BODY_COLOR	STRAIN	흰 용기에서도 검은색이 옅어지지 않는(배경반응 없음) 칠흑 블랙 품종.	composed_of:ブラック+背地反応なし	https://hinsyu-zukan.satumano-medakayasan.com/page/21/ | https://jma-medaka.com/wp-content/uploads/2022/08/250901_【公式】品種分類マニュアル_第５版.pdf | https://www.hime-medaka.com/medakanohinsyu/ | https://medakapedia.com/strains/orochi	2026-09-28	奈良・飛鳥めだか 谷國昌博, 2016 릴리스. JMA: 품종명 ブラックメダカ, 보충 ブラック(背地反応無し). 媛めだか: 拡散凝集反応の影響を受けないタイプ. medakapedia는 eye=Panda로 태깅(의심스러움).
夜桜	よざくら	요자쿠라	Yozakura	LUSTER	STRAIN	오로라계 특유의 분홍 머리에 청흑 체색, 라메가 실린 품종.	composed_of:オーロラ系+ピンク(頭)+青黒+ラメ	https://hinsyu-zukan.satumano-medakayasan.com/page/20/ | https://www.medakalog.shop/medaka-hinshu-zukan | https://medakapedia.com/strains/yozakura | https://themedakaemporium.co.uk/our-medaka	2026-09-28	愛媛・垂水政治, 2016(hinsyu-zukan) / 2017(medakapedia) 불일치.
夜桜ゴールド		요자쿠라 골드		LUSTER	STRAIN	요자쿠라의 골드 계열(메다카로그 품종 목록 수록명).	composed_of:inferred:夜桜+黄金	https://www.medakalog.shop/medaka-hinshu-zukan | https://liviaqua.co.kr/	2026-09-28	형질 설명은 목록에서 미확인. 한국 샵: '요자쿠라 (밤벚꽃) 골드'.
柿色夜桜				LUSTER	STRAIN	감색(柿色) 계열 요자쿠라. 블루 라메 타입이 유통.	composed_of:柿色+夜桜(+ブルーラメ)	https://www.medakalog.shop/202308-nabana/	2026-09-28	읽기 미확인.
紅帝	こうてい	홍제	Koutei	BODY_COLOR	STRAIN	양귀비보다 더 붉은 주홍 체색 품종.	composed_of:朱赤(濃)	https://hinsyu-zukan.satumano-medakayasan.com/page/15/ | https://t-aquagarden.com/column/medaka_variety | http://m.goldmoonaqua.com/product/list.html?cate_no=71	2026-09-28	広島・栗原養魚場, 2016 이전. 한국 샵 표기 '홍제 메다카'. EMP에 'Koutei RLF'(리얼롱핀).
煌	きらめき	키라메키	Kirameki	LUSTER	STRAIN	女雛(메비나)에 체외광을 올린 품종.	composed_of:女雛+体外光	https://hinsyu-zukan.satumano-medakayasan.com/page/8/	2026-09-28	愛媛・垂水政治, 2017.9. medakapedia 'Kirameki'는 大場幸雄 2005 青ヒカリダルマ로 기재되어 동명 다른 품종 또는 오류 가능.
灯	あかり		Akari	LUSTER	STRAIN	상반신이 노랗고 체외광을 가진 황(黄)체외광 품종.	composed_of:黄+体外光	https://hinsyu-zukan.satumano-medakayasan.com/page/8/ | https://jma-medaka.com/wp-content/uploads/2022/08/250901_【公式】品種分類マニュアル_第５版.pdf | https://medakapedia.com/strains/akari	2026-09-28	徳島・阿波めだかの里 森口勉, 2014. JMA: 品種名 黄体外光, ニックネーム 灯. medakapedia 일본명 '黄白体外光メダカ'.
月虹	げっこう			LUSTER	STRAIN	청~실버 체색 히카리 체형에 등에 무지갯빛 나전광이 보이는 품종.	composed_of:青~シルバー+ヒカリ+螺鈿光	https://hinsyu-zukan.satumano-medakayasan.com/page/9/	2026-09-28	広島・め組。, 2011.12
黄金	おうごん	황금	Gold	BODY_COLOR	STRAIN	황색소포와 흑색소포가 섞여 황금색을 내는 체색 품종. 검은 용기에서 배경반응으로 검어짐.	composed_of:黄金体色	https://jma-medaka.com/wp-content/uploads/2022/08/250901_【公式】品種分類マニュアル_第５版.pdf	2026-09-28	めだかの館 作出 2001. JMA 형질명(体色). GEX의 '黄金(こがね)'은 별개 하우스네임.
黄金(こがね)	こがね			LUSTER	STRAIN	고운 황금 체색에 황금빛 라메가 빛나는 품종(GEX 카탈로그).	composed_of:黄金体色+ラメ; contrasts:黄金	https://www.gex-fp.co.jp/fish/breed_cat/medaka_catalog/	2026-09-28	읽기 'こがね'는 GEX 표기. 체색 형질 '黄金(おうごん)'과 구별.
琥珀	こはく		Amber	BODY_COLOR	STRAIN	야생에 가까운 호박색에 꼬리·등지느러미가 주황으로 물드는 체색 품종. 주홍(양귀비)의 모체.	composed_of:琥珀体色	https://jma-medaka.com/wp-content/uploads/2022/08/250901_【公式】品種分類マニュアル_第５版.pdf | https://medakapedia.com/glossary	2026-09-28	めだかの館 2004. EMP는 'Kohaku Lamé(琥珀メダカ)'를 홍백 품종으로 설명—紅白(こうはく)와 琥珀(こはく) 혼동.
サファイア	サファイア	사파이어	Sapphire	LUSTER	STRAIN	흑체색에 복잡하게 보이는 청(青)라메 품종. 마루코(등지느러미 없음)와 있는 타입.	composed_of:ブラック+ラメ(青)	https://hinsyu-zukan.satumano-medakayasan.com/page/21/ | https://www.medakalog.shop/medaka-hinshu-zukan | https://themedakaemporium.co.uk/our-medaka	2026-09-28	岡山・静楽庵, 2020. JMA 매뉴얼은 ラメ(青) 고정 대표품종으로 '黒ラメ幹之サファイア系'(2020, 静楽庵) 기재.
黒ラメ幹之サファイア系				LUSTER	STRAIN	청 라메를 고정한 대표 품종(JMA). 흑체색+청라메 체외광 계통.	composed_of:黒+ラメ(青)+幹之; same_as:inferred:サファイア	https://jma-medaka.com/wp-content/uploads/2022/08/250901_【公式】品種分類マニュアル_第５版.pdf	2026-09-28	静楽庵, 2020
令和黒ラメ幹之	れいわくろらめみゆき			LUSTER	STRAIN	비투명린에도 지느러미 색(히레비)이 들어가는 흑라메 미유키.	composed_of:黒+ラメ+幹之+ヒレ美(令和)	https://hinsyu-zukan.satumano-medakayasan.com/page/8/	2026-09-28	岡山・静楽庵, 2020.5. JMA는 반투명린의 흰 히레비 표현을 '令和'라 호칭.
令和黒ラメ幹之サファイア			Reiwa Black Lamé Miyuki Sapphire	LUSTER	STRAIN	흑색소가 짙은 몸에 사파이어색 청라메와 대비되는 지느러미 색(영문 샵 설명).	composed_of:黒+ラメ(青)+幹之+ヒレ美	https://themedakaemporium.co.uk/our-medaka	2026-09-28	영문 표기 'Reiwa Black Lamé Miyuki Sapphire'만 확인, 일본어 표기는 조합 추정.
白ブチラメ幹之サファイア系				PATTERN	STRAIN	白ブチラメ幹之×サファイア 교배. 청·백·흑만의 차분한 색에 청라메.	composed_of:白+斑+ラメ(青)+幹之	https://piscesbook.com/archives/21511 | https://piscesbook.com/archives/category/newinfomation/medaka-zukan	2026-09-28	岡山・静楽庵, 2021 봄 릴리스
白ブチラメ幹之サファイア系DW				PATTERN	STRAIN	위 계통에 DW(딥 화이트) 특성을 더해 흰 바탕과 흑백 대비를 강화.	composed_of:白ブチラメ幹之サファイア系+DW	https://piscesbook.com/archives/category/newinfomation/medaka-zukan	2026-09-28	静楽庵, 2026.6.29
三色ラメ幹之サファイア系				PATTERN	STRAIN	사파이어계 청라메에 적색이 더해진 삼색 라메 미유키.	composed_of:三色+ラメ+幹之+サファイア系	https://piscesbook.com/archives/category/newinfomation/medaka-zukan	2026-09-28	静楽庵
三色ラメ幹之サファイア系黒勝ちタイプ				PATTERN	STRAIN	삼색라메미유키 사파이어계 중 먹(墨) 면적 70% 이상을 강조한 타입.	composed_of:三色ラメ幹之サファイア系+黒勝ち	https://piscesbook.com/archives/category/newinfomation/medaka-zukan	2026-09-28	静楽庵, 2026.6.26
令和サファイアNOVA				LUSTER	STRAIN	令和黒ラメ幹之サファイア系×ネプチューン 교배 계통.	composed_of:令和黒ラメ幹之サファイア系+ネプチューン	https://piscesbook.com/archives/category/newinfomation/medaka-zukan	2026-09-28	静楽庵, 2026.6.25
3S-NP				LUSTER	STRAIN	三色ラメ幹之サファイア系×ネプチューン 교배(静楽庵×メダカ屋サバンナ 협업).	composed_of:三色ラメ幹之サファイア系+ネプチューン	https://piscesbook.com/archives/category/newinfomation/medaka-zukan | https://medakapedia.com/strains/	2026-09-28	2026.6.24
黒幹之		쿠로미유키		LUSTER	STRAIN	검은 체색에 골드~그린 기미의 등 광택(체외광).	composed_of:ブラック+体外光	https://t-aquagarden.com/column/miyuki_medaka | https://www.aqualassic.com/medaka_miyuki/ | https://aquapro.kr/category/%EB%A9%94%EB%8B%A4%EC%B9%B4%EC%86%A1%EC%82%AC%EB%A6%AC/921/	2026-09-28	한국 샵 '쿠로미유키 메다카'.
白幹之			White Miyuki	LUSTER	STRAIN	펄 화이트 체색에 플래티넘 같은 등 광택.	composed_of:白+体外光	https://t-aquagarden.com/column/miyuki_medaka | https://www.aqualassic.com/medaka_miyuki/	2026-09-28	
青幹之			Blue Miyuki	LUSTER	STRAIN	청체색 미유키. 기본형.	composed_of:青+体外光	https://hinsyu-zukan.satumano-medakayasan.com/page/5/ | https://br-choku.com/en/column/medaka-variety-guide	2026-09-28	
ラメ幹之				LUSTER	STRAIN	체외광이 등에 몰리지 않고 비늘에 흩어지는 라메 변이 미유키.	composed_of:ラメ+体外光	https://www.aqualassic.com/medaka_miyuki/ | https://jma-medaka.com/wp-content/uploads/2022/08/250901_【公式】品種分類マニュアル_第５版.pdf	2026-09-28	JMA: 과거 '라메 미유키(라메 체외광)'로 불림.
白ラメ幹之				LUSTER	STRAIN	라메에 체외광을 교배해 몸을 덮을 만큼의 라메를 발현시킨 품종(라메 인기의 계기).	composed_of:白+ラメ+体外光	https://jma-medaka.com/wp-content/uploads/2022/08/250901_【公式】品種分類マニュアル_第５版.pdf	2026-09-28	和田敏拓 2012. JMA 品種名 '白ラメ体外光'.
黒ラメ幹之			Black Lame Miyuki	LUSTER	STRAIN	흑체색에 체외광과 라메를 조합한 품종.	composed_of:ブラック+体外光+ラメ	https://br-choku.com/en/column/medaka-variety-guide	2026-09-28	영문 'Black Lame Miyuki'.
三色ラメ幹之		삼색라메		PATTERN	STRAIN	JMA 예시: 品種名 白朱赤ラメ斑メダカ, 보충 ラメ(多色)의 닉네임.	composed_of:白+朱赤+ラメ+斑; same_as:白朱赤ラメ斑	https://jma-medaka.com/wp-content/uploads/2022/08/250901_【公式】品種分類マニュアル_第５版.pdf	2026-09-28	
四色幹之				LUSTER	STRAIN	JMA 예시: 品種名 青体外光体内光, 보충 体外光(二色)·体内光(青白,オレンジ)의 닉네임.	composed_of:青+体外光(二色)+体内光	https://jma-medaka.com/wp-content/uploads/2022/08/250901_【公式】品種分類マニュアル_第５版.pdf	2026-09-28	매뉴얼 표기는 '４色幹之'.
ピュアブラック				BODY_COLOR	STRAIN	최초의 블랙 체색 품종. 스몰아이라 배경반응이 적어 검은 체색 유지.	composed_of:ブラック+スモールアイ	https://jma-medaka.com/wp-content/uploads/2022/08/250901_【公式】品種分類マニュアル_第５版.pdf	2026-09-28	大場幸雄(めだかの館), 2001. 개량메다카 최초 작출 품종으로 기록.
小川ブラック				BODY_COLOR	STRAIN	보통 눈이면서 배경반응하지 않는 블랙 체색(파플블루 계열 선발).	composed_of:ブラック	https://jma-medaka.com/wp-content/uploads/2022/08/250901_【公式】品種分類マニュアル_第５版.pdf | https://t-aquagarden.com/column/medaka_variety	2026-09-28	2009 작출. 매뉴얼에 읽기 없음.
オレンジスーパーヒカリ				BODY_SHAPE	STRAIN	오렌지 체색 명칭이 처음 쓰인 품종(닉네임 '舞姫').	composed_of:オレンジ+ヒカリ; same_as:舞姫	https://jma-medaka.com/wp-content/uploads/2022/08/250901_【公式】品種分類マニュアル_第５版.pdf	2026-09-28	小宮氏, 2006
舞姫				BODY_SHAPE	STRAIN	オレンジスーパーヒカリ의 닉네임.	composed_of:オレンジ+ヒカリ; same_as:オレンジスーパーヒカリ	https://jma-medaka.com/wp-content/uploads/2022/08/250901_【公式】品種分類マニュアル_第５版.pdf	2026-09-28	읽기 미기재. 小宮氏 2006.
アルビノクイーン				EYE	STRAIN	루비아이(포도눈) 형질의 최초 유통명.	composed_of:ルビーアイ	https://jma-medaka.com/wp-content/uploads/2022/08/250901_【公式】品種分類マニュアル_第５版.pdf	2026-09-28	藤井博之 2010 발견
Hitomi	ひとみ			EYE	STRAIN	수포안을 고정한 대표 품종(빅아이 수포안).	composed_of:ビッグアイ+水泡眼	https://jma-medaka.com/wp-content/uploads/2022/08/250901_【公式】品種分類マニュアル_第５版.pdf	2026-09-28	久保河内氏 2008 발견. 매뉴얼 표기 'Hitomi（ひとみ）'. JMA 인정 2호 '瞳'과는 별개.
赤色らんちゅうメダカ				FIN	STRAIN	등지느러미 결여(마루코) 형질의 최초 소개명.	composed_of:マルコ(背ビレ無し)	https://jma-medaka.com/wp-content/uploads/2022/08/250901_【公式】品種分類マニュアル_第５版.pdf	2026-09-28	小暮武, 2011
松井ヒレ長				FIN	STRAIN	구마모토 마쓰이양어장에서 발견된 히레나가. 꼬리지느러미 부채꼴로 크게 신장.	composed_of:ヒレ長; same_as:天女の舞	https://jma-medaka.com/wp-content/uploads/2022/08/250901_【公式】品種分類マニュアル_第５版.pdf | https://hinsyu-zukan.satumano-medakayasan.com/%E7%94%A8%E8%AA%9E%E9%9B%86/ | https://t-aquagarden.com/column/medaka_variety	2026-09-28	松井勝二郎 2015. 별칭 '天女の舞'.
天女の舞				FIN	STRAIN	마쓰이 히레나가의 별칭.	composed_of:ヒレ長; same_as:松井ヒレ長	https://hinsyu-zukan.satumano-medakayasan.com/%E7%94%A8%E8%AA%9E%E9%9B%86/ | https://t-aquagarden.com/column/medaka_variety	2026-09-28	
北辻ヒレロング				FIN	STRAIN	와이드핀 형질의 JMA 인정 제36호 품종. 꼬리자루가 넓고 뒷·등지느러미 연조가 많음.	composed_of:ワイドフィン	https://jma-medaka.com/wp-content/uploads/2022/08/250901_【公式】品種分類マニュアル_第５版.pdf | https://medakazukan.net/jmaninteinumber/ | https://hinsyu-zukan.satumano-medakayasan.com/%E7%94%A8%E8%AA%9E%E9%9B%86/	2026-09-28	山本健二 2016 발견(埼玉・北辻めだか)
マリアージュロングフィン		마리아주 롱핀		FIN	STRAIN	빛나는 풍성한 긴 지느러미를 가진 미유키 진화계.	composed_of:幹之+ロングフィン	https://hinsyu-zukan.satumano-medakayasan.com/page/19/ | http://m.goldmoonaqua.com/product/list.html?cate_no=71	2026-09-28	愛媛・垂水政治, 2021.6. 한국 샵 '마리아주 롱핀'. '垂水ロングフィン'과 관련.
エメキン	エメキン			FIN	STRAIN	マリアージュロングフィンキッシング(エメラルドフィンタイプ)의 약칭.	composed_of:ロングフィン+キッシング+エメラルドフィン	https://hinsyu-zukan.satumano-medakayasan.com/page/18/	2026-09-28	愛媛・垂水政治, 2022.2
エメラルドフィン				FIN	STRAIN	지느러미 전체가 에메랄드색으로 빛나는 품종.	composed_of:ヒレ光(エメラルド)	https://hinsyu-zukan.satumano-medakayasan.com/page/5/	2026-09-28	愛媛・垂水政治, 2020 가을
流星	りゅうせい	류세이		LUSTER	STRAIN	등지느러미 없는 미유키. 등의 체외광이 끊기지 않음. JMA 인정 제3호(青体外光マルコ).	composed_of:青+体外光+マルコ	https://hinsyu-zukan.satumano-medakayasan.com/page/6/ | https://medakazukan.net/jmaninteinumber/ | https://namu.wiki/w/%EC%86%A1%EC%82%AC%EB%A6%AC	2026-09-28	神奈川・中里良則, 2013. 나무위키 '류세이(유성)'.
深海	しんかい	신카이		OTHER	STRAIN	흰 용기에서 체내(복막)에 푸른 빛이 보이는 품종. JMA 인정 제18호, 공통보충 '腹膜青'.	composed_of:青+腹膜青	https://hinsyu-zukan.satumano-medakayasan.com/page/20/ | https://jma-medaka.com/wp-content/uploads/2022/08/250901_【公式】品種分類マニュアル_第５版.pdf | https://medakazukan.net/jmaninteinumber/ | https://t-aquagarden.com/column/miyuki_medaka	2026-09-28	兵庫・長岡龍聖, 2010. 나무위키 '신카이'.
マリンブルー				LUSTER	STRAIN	물색 체외광과 푸른 체내광을 가진 품종(JMA: 腹膜青 계열 닉네임).	composed_of:体外光(水色)+体内光(青)	https://hinsyu-zukan.satumano-medakayasan.com/page/20/ | https://jma-medaka.com/wp-content/uploads/2022/08/250901_【公式】品種分類マニュアル_第５版.pdf | https://www.medakalog.shop/medaka-hinshu-zukan	2026-09-28	兵庫・長岡龍聖, 2012
北斗	ほくと			OTHER	STRAIN	투명린에 복막·척추를 따라 검은 줄이 드는 품종(JMA 공통보충 '体内黒').	composed_of:透明鱗+体内黒	https://hinsyu-zukan.satumano-medakayasan.com/page/15/ | https://jma-medaka.com/wp-content/uploads/2022/08/250901_【公式】品種分類マニュアル_第５版.pdf	2026-09-28	埼玉・行田淡水魚 小暮武, 2008(hinsyu-zukan)/2014(JMA) 불일치.
モルフォ				FIN	STRAIN	꼬리지느러미 끝이 둥근 부채꼴, 청백색 강한 지느러미광.	composed_of:モルフォ+ヒレ光	https://hinsyu-zukan.satumano-medakayasan.com/page/12/ | https://jma-medaka.com/wp-content/uploads/2022/08/250901_【公式】品種分類マニュアル_第５版.pdf | https://hinsyu-zukan.satumano-medakayasan.com/%E7%94%A8%E8%AA%9E%E9%9B%86/	2026-09-28	福岡・Azuma medaka, 2019.12(hinsyu-zukan). JMA는 田中拓也 2019 작출로 기재.
モルフォ亜種				FIN	STRAIN	모르포 파생. 지느러미 연조를 따라 선상으로 홍색소포가 발현(JMA 형질 'ヒレライン').	composed_of:ヒレライン; same_as:ヒレライン	https://jma-medaka.com/wp-content/uploads/2022/08/250901_【公式】品種分類マニュアル_第５版.pdf | https://hinsyu-zukan.satumano-medakayasan.com/%E7%94%A8%E8%AA%9E%E9%9B%86/	2026-09-28	田中拓也 2020
オーロラ幹之				SCALE	STRAIN	옅은 청체색에 체외광, 아가미뚜껑~배가 노란 오로라계 미유키.	composed_of:青+体外光+オーロラ	https://hinsyu-zukan.satumano-medakayasan.com/page/4/ | https://medakapedia.com/strains/yozakura	2026-09-28	岡山・静楽庵, 2013 여름
オーロラ黄ラメ幹之				LUSTER	STRAIN	다색 라메와 체외광이 실린 오로라계. 다양한 표현 출현.	composed_of:オーロラ+ラメ(多色)+体外光	https://hinsyu-zukan.satumano-medakayasan.com/page/4/ | https://t-aquagarden.com/column/medaka_variety | https://www.hime-medaka.com/medakanohinsyu/	2026-09-28	岡山・静楽庵, 2015
三色	さんしょく	삼색	Tri-Color	PATTERN	STRAIN	적·백·흑 3색 무늬(잉어 같은) 품종군 총칭.	composed_of:白+朱赤+斑	https://br-choku.com/en/column/medaka-variety-guide | https://t-aquagarden.com/column/medaka_variety | http://m.goldmoonaqua.com/product/list.html?cate_no=71	2026-09-28	JMA: 비투명린 삼색=白朱赤斑, 투명린 삼색=朱赤透明鱗斑.
紅白		홍백	Red and White / Kohaku	PATTERN	STRAIN	적과 백 2색 품종.	composed_of:白+朱赤	https://br-choku.com/en/column/medaka-variety-guide | https://t-aquagarden.com/column/medaka_variety | http://m.goldmoonaqua.com/product/list.html?cate_no=71	2026-09-28	한국 샵 '홍백'. 영문 'Kohaku'는 琥珀와 혼동 사례 있음(EMP).
紅白ラメ		홍백라메		LUSTER	STRAIN	홍백 체색에 라메.	composed_of:紅白+ラメ	https://www.medakalog.shop/medaka-hinshu-zukan | https://liviaqua.co.kr/	2026-09-28	한국 샵 '홍백라메'(정락암=静楽庵 오리지널).
雲州三色	うんしゅうさんしょく	운주 삼색		PATTERN	STRAIN	흰 바탕에 선명한 주홍과 먹(墨)의 비투명린 삼색.	composed_of:白+朱赤+墨+非透明鱗	https://hinsyu-zukan.satumano-medakayasan.com/page/8/ | https://piscesbook.com/archives/category/newinfomation/medaka-zukan | http://m.goldmoonaqua.com/product/list.html?cate_no=71	2026-09-28	島根・雲州めだか 野尻治男, 2016.9. 한국 '운주 삼색'/나무위키 '운슈삼색'.
越前三色				PATTERN	STRAIN	비투명린 삼색 변종.	composed_of:非透明鱗+三色	https://piscesbook.com/archives/category/newinfomation/medaka-zukan	2026-09-28	읽기 미기재
あけぼの	あけぼの	아케보노		PATTERN	STRAIN	비투명린 삼색. 투명린이 아니어서 흰 바탕이 짙고 3색이 두드러짐.	composed_of:非透明鱗+三色	https://hinsyu-zukan.satumano-medakayasan.com/page/21/ | https://piscesbook.com/archives/category/newinfomation/medaka-zukan | http://m.goldmoonaqua.com/product/list.html?cate_no=71	2026-09-28	岡山・小寺義克 2017(hinsyu-zukan); PISCES는 広島・福山로 표기. 한국 '아케보노'.
東雲	しののめ			PATTERN	STRAIN	비투명린 삼색. 아케보노보다 흰 바탕이 많음.	composed_of:非透明鱗+三色	https://hinsyu-zukan.satumano-medakayasan.com/page/7/	2026-09-28	岡山・小寺義克, 2018
陽炎	かげろう			PATTERN	STRAIN	머리가 주홍, 푸른 체외광의 비투명린 삼색.	composed_of:朱赤(頭)+体外光+非透明鱗+三色	https://hinsyu-zukan.satumano-medakayasan.com/page/7/	2026-09-28	岡山・小寺義克, 2019
小町	こまち	코마치		PATTERN	STRAIN	비투명린 홍백. 투명린 홍백보다 흰 바탕이 짙음.	composed_of:紅白+非透明鱗	https://hinsyu-zukan.satumano-medakayasan.com/page/20/ | https://www.medakalog.shop/medaka-hinshu-zukan | https://liviaqua.co.kr/	2026-09-28	愛知・小野めだか 小野久仁雄, 2018말. 한국 '코마치 홍백'.
王華	おうか	왕화		LUSTER	STRAIN	홍백 라메. 상면에서의 라메 폭과 밀도에 집중한 혈통.	composed_of:紅白+ラメ	https://hinsyu-zukan.satumano-medakayasan.com/page/15/ | https://www.medakalog.shop/medaka-hinshu-zukan | http://m.goldmoonaqua.com/product/list.html?cate_no=71	2026-09-28	群馬・上州めだか, 2021. 한국 '왕화 메다카', 'F1' 표기 상품도 있음.
王華ブルー				LUSTER	STRAIN	홍백 라메 계통(王華)의 블루 변이.	composed_of:王華+ブルー	https://piscesbook.com/archives/category/newinfomation/medaka-zukan	2026-09-28	上州めだか, 2026.6.29
月華	げっか		Gekka	PATTERN	STRAIN	삼색 라메.	composed_of:三色+ラメ	https://hinsyu-zukan.satumano-medakayasan.com/page/15/ | https://www.medakalog.shop/medaka-hinshu-zukan | https://themedakaemporium.co.uk/our-medaka	2026-09-28	群馬・上州めだか, 2021
女雛	めびな			PATTERN	STRAIN	머리가 감색(柿色), 몸은 블랙림의 적흑(赤黒) 체색.	composed_of:柿色(頭)+ブラックリム+赤黒	https://hinsyu-zukan.satumano-medakayasan.com/page/19/ | https://medakapedia.com/strains/yozakura	2026-09-28	愛媛・垂水政治, 2016
紅薊	べにあざみ	베니아자미	Beniazami	PATTERN	STRAIN	머리가 주홍, 블랙림이 나오는 품종.	composed_of:朱赤(頭)+ブラックリム	https://hinsyu-zukan.satumano-medakayasan.com/page/11/ | https://medakapedia.com/strains/beniazami	2026-09-28	広島・神原美和, 2017. medakapedia 품종명 朱赤透明鱗ブラックリム(히카리 체형).
五式	ごしき			PATTERN	STRAIN	블랙림이 있는 흑체색에 주홍 포인트색.	composed_of:ブラック+ブラックリム+朱赤(差し色)	https://hinsyu-zukan.satumano-medakayasan.com/page/19/	2026-09-28	埼玉・しいらメダカ 岡本剛, 2017.1
五式typeR	ごしきたいぷあーる			PATTERN	STRAIN	지느러미가 붉은 五式에서 머리까지 붉게 한 것.	composed_of:五式+朱赤(頭)	https://hinsyu-zukan.satumano-medakayasan.com/page/19/ | https://www.medakalog.shop/medaka-hinshu-zukan	2026-09-28	しいらメダカ 岡本剛, 2017.12. 메다카로그 표기 '五式タイプr'.
竜章鳳姿	りゅうしょうほうし			PATTERN	STRAIN	투명린 블랙림의 히카리 체형 마쓰이 히레나가.	composed_of:透明鱗+ブラックリム+ヒカリ+松井ヒレ長	https://hinsyu-zukan.satumano-medakayasan.com/page/18/ | https://www.medakalog.shop/medaka-hinshu-zukan	2026-09-28	岡山・星田めだか, 2020.9
ブラックダイヤ		블랙 다이아몬드	Black Diamond	LUSTER	STRAIN	색이 바래지 않는 오로치의 칠흑 체색에 라메.	composed_of:オロチ+ラメ	https://hinsyu-zukan.satumano-medakayasan.com/page/19/ | https://www.medakalog.shop/medaka-hinshu-zukan | https://aquapro.kr/category/%EB%A9%94%EB%8B%A4%EC%B9%B4%EC%86%A1%EC%82%AC%EB%A6%AC/921/ | https://medakapedia.com/strains/orochi	2026-09-28	神奈川・中里良則, 2018.2. 한국 '블랙 다이아몬드', '마쓰이 블랙 다이아'.
クラウドグレーダイヤ				LUSTER	STRAIN	구름 같은 회색에 등에도 라메가 많이 실리게 개량.	composed_of:グレー+ラメ	https://hinsyu-zukan.satumano-medakayasan.com/page/13/ | https://medakapedia.com/strains/orochi	2026-09-28	神奈川・中里良則, 2022.11
星河	せいが			LUSTER	STRAIN	라메가 실린 청미유키. JMA 인정 제5호(青ラメ).	composed_of:青+ラメ+幹之	https://hinsyu-zukan.satumano-medakayasan.com/page/15/ | https://medakazukan.net/jmaninteinumber/ | https://www.medakalog.shop/medaka-hinshu-zukan	2026-09-28	広島・和田敏拓/神奈川・中里良則, 2012
東天光	とうてんこう			BODY_SHAPE	STRAIN	양귀비의 히카리 체형.	composed_of:楊貴妃+ヒカリ	https://hinsyu-zukan.satumano-medakayasan.com/page/19/ | https://www.medakalog.shop/medaka-hinshu-zukan	2026-09-28	広島・めだかの館 大場幸雄, 2005
初恋	はつこい			BODY_SHAPE	STRAIN	양귀비의 다루마 체형.	composed_of:楊貴妃+ダルマ	https://hinsyu-zukan.satumano-medakayasan.com/page/15/	2026-09-28	広島・めだかの館 大場幸雄, 2005
朱天皇	しゅてんのう			BODY_SHAPE	STRAIN	양귀비의 히카리 다루마 체형('붉은 메다카의 왕').	composed_of:楊貴妃+ヒカリダルマ	https://hinsyu-zukan.satumano-medakayasan.com/page/13/	2026-09-28	広島・めだかの館 大場幸雄, 2005
紅	くれない			SCALE	STRAIN	주홍 투명린으로 볼이 분홍으로 비치는 홍백 체색, 지느러미에 포인트색.	composed_of:朱赤+透明鱗	https://hinsyu-zukan.satumano-medakayasan.com/page/18/	2026-09-28	福岡・小宮正城
篤姫	あつひめ			SCALE	STRAIN	주홍 투명린, 볼이 분홍, 홍백 체색, 지느러미 포인트색.	composed_of:朱赤+透明鱗	https://hinsyu-zukan.satumano-medakayasan.com/page/18/	2026-09-28	広島・めだかの館 大場幸雄. hinsyu-zukan 설명이 '紅'과 동일.
紅ほっぺ	べにほっぺ		Beni-hoppe	SCALE	STRAIN	백 투명린. 옆에서 보면 붉은 아가미뚜껑이 비쳐 볼이 분홍.	composed_of:白+透明鱗	https://hinsyu-zukan.satumano-medakayasan.com/page/20/ | https://www.medakalog.shop/medaka-hinshu-zukan | https://medakapedia.com/strains/youkihi	2026-09-28	愛媛・近藤利継/北条忠義
乙姫	おとひめ			PATTERN	STRAIN	짙은 오렌지~주홍 체색에 블랙림의 적흑계 투명린, 히카리 체형.	composed_of:朱赤+ブラックリム+透明鱗+ヒカリ	https://hinsyu-zukan.satumano-medakayasan.com/page/18/	2026-09-28	広島・栗原養魚場, 2017
卑弥呼	ひみこ			EYE	STRAIN	양귀비 투명린의 포도눈 알비노, 히카리 체형 버터플라이.	composed_of:楊貴妃+透明鱗+ブドウ眼+アルビノ+ヒカリ	https://hinsyu-zukan.satumano-medakayasan.com/page/10/ | https://www.medakalog.shop/medaka-hinshu-zukan	2026-09-28	福岡・めだかハウスいろは 上村剛, 2018 이전
龍の瞳	りゅうのひとみ			EYE	STRAIN	알비노 미유키의 마쓰이 히레나가.	composed_of:アルビノ+幹之+松井ヒレ長	https://hinsyu-zukan.satumano-medakayasan.com/page/20/ | https://www.medakalog.shop/medaka-hinshu-zukan	2026-09-28	静岡・メダカ屋猫飯 池谷雄二, 2018
王妃	おうひ	왕비		EYE	STRAIN	알비노 미유키.	composed_of:アルビノ+幹之	https://hinsyu-zukan.satumano-medakayasan.com/page/16/ | http://m.goldmoonaqua.com/product/list.html?cate_no=71	2026-09-28	愛媛・垂水政治, 2019.10. 한국 '왕비 메다카'. 인광(鱗光)이 확인되는 '鱗血統' 품종으로 JMA 언급.
鱗光	りんこう			LUSTER	STRAIN	청~황 체색에 등 비늘 하나하나가 두드러지는 빛.	composed_of:体外光(鱗光)	https://hinsyu-zukan.satumano-medakayasan.com/page/16/ | https://jma-medaka.com/wp-content/uploads/2022/08/250901_【公式】品種分類マニュアル_第５版.pdf | https://www.medakalog.shop/medaka-hinshu-zukan	2026-09-28	愛媛・垂水政治, 2019. 같은 형질명 '鱗光'(체외광 형질보충)과 동명.
ブロンズ				LUSTER	STRAIN	머리가 브론즈색, 체외광·인광·지느러미광, 롱핀도 출현.	composed_of:ブロンズ(頭)+体外光+鱗光+ヒレ光	https://hinsyu-zukan.satumano-medakayasan.com/page/7/ | https://jma-medaka.com/wp-content/uploads/2022/08/250901_【公式】品種分類マニュアル_第５版.pdf | https://www.medakalog.shop/medaka-hinshu-zukan	2026-09-28	愛媛・垂水政治, 2019
グリーン				BODY_COLOR	STRAIN	브론즈의 녹색 기미 계통.	composed_of:ブロンズ+緑	https://hinsyu-zukan.satumano-medakayasan.com/page/5/	2026-09-28	愛媛・垂水政治, 2020.6
黄桜	きざくら			PATTERN	STRAIN	황백 무늬. 라메·히카리 체형도 있음.	composed_of:黄+白	https://hinsyu-zukan.satumano-medakayasan.com/page/7/ | https://medakapedia.com/strains/yozakura	2026-09-28	愛媛・垂水政治, 2016 이전
フロマージュ				FIN	STRAIN	황~오렌지 체색에 하얗게 결정화한 듯한 후사(술) 지느러미.	composed_of:黄~オレンジ+フサヒレ	https://hinsyu-zukan.satumano-medakayasan.com/page/9/ | https://piscesbook.com/archives/category/newinfomation/medaka-zukan	2026-09-28	愛媛・垂水政治, 2023.8
フロマージュDR				FIN	STRAIN	フロマージュ의 선발 계통(DR=Dark Red).	composed_of:フロマージュ+DR	https://piscesbook.com/archives/category/newinfomation/medaka-zukan	2026-09-28	礼めだか, 2026.6.26
オランジェ				FIN	STRAIN	흑×오렌지(茶黒) 체색에 라메, 풍성한 지느러미.	composed_of:黒+オレンジ+ラメ+フサヒレ	https://hinsyu-zukan.satumano-medakayasan.com/page/4/	2026-09-28	愛媛・垂水政治, 2024.5
ミッドナイトフリル				FIN	STRAIN	등·뒷지느러미 연조가 늘어나 프릴처럼 물결치는 롱핀.	composed_of:ロングフィン	https://hinsyu-zukan.satumano-medakayasan.com/page/14/	2026-09-28	愛媛・垂水政治, 2023.5
レッドクリフ	レッドクリフ			FIN	STRAIN	주홍~홍백 체색에 체외광·지느러미광·인광, 키싱 와이드핀, 후사히레.	composed_of:朱赤+紅白+体外光+ヒレ光+鱗光+キッシングワイドフィン+フサヒレ	https://hinsyu-zukan.satumano-medakayasan.com/page/18/	2026-09-28	愛媛・垂水政治, 2022.9
ハイビスカス				FIN	STRAIN	레드클리프(홍백)의 히카리 체형 히레나가.	composed_of:レッドクリフ+ヒカリ+ヒレ長	https://hinsyu-zukan.satumano-medakayasan.com/page/7/ | https://nekomanma7.ocnk.net/product-list/47	2026-09-28	岡山・夢中めだか, 2023.10
陽変天目	ようへんてんもく	요변천목		LUSTER	STRAIN	칠흑 속에 청백색으로 빛나는 무늬.	composed_of:黒+体外光(inferred)	https://hinsyu-zukan.satumano-medakayasan.com/page/3/ | https://liviaqua.co.kr/	2026-09-28	愛媛・垂水政治, 2024.10. 猫飯 목록은 '曜変天目' 표기(한자 불일치). 한국 샵 '요변천목'(아즈마 표기).
金剛石	ダイヤモンド			OTHER	STRAIN	和墨×ネプチューン×フロマージュ 기반 품종.	composed_of:和墨+ネプチューン+フロマージュ	https://piscesbook.com/archives/category/newinfomation/medaka-zukan	2026-09-28	垂水政治, 2026.6.21. 읽기 'ダイヤモンド'는 PISCES 표기.
黒輪刀				PATTERN	STRAIN	和墨 계통, 검은 먹 무늬.	composed_of:和墨+墨	https://piscesbook.com/archives/category/newinfomation/medaka-zukan	2026-09-28	垂水政治, 2026.7.25
和墨	わずみ		Wazumi	PATTERN	STRAIN	흑백 메다카.	composed_of:白+黒	https://hinsyu-zukan.satumano-medakayasan.com/page/16/ | https://themedakaemporium.co.uk/our-medaka	2026-09-28	茨城・めだか専門店ぱれっと, 2019작출/2021.5 릴리스. EMP: 어스아이 변이 있음.
和墨三毛猫ダルマ				BODY_SHAPE	STRAIN	和墨 계열 삼모(三毛) 다루마(猫飯 2025 목록명).	composed_of:inferred:和墨+三毛+ダルマ	https://nekomanma7.ocnk.net/product-list/47	2026-09-28	형질 설명 미확인
斑(まだら)	まだら			PATTERN	STRAIN	和墨×百夜 교배, 녹색 기미 몸에 먹 무늬.	composed_of:和墨+百夜	https://piscesbook.com/archives/category/newinfomation/medaka-zukan	2026-09-28	つかさめだか, 2026.7.31. JMA 형질 '斑(ぶち)'과 다른 하우스네임.
金閣	きんかく			PATTERN	STRAIN	금빛 체색에 흑반 무늬, 히레나가 어스아이.	composed_of:金色+黒斑+ヒレ長+アースアイ	https://hinsyu-zukan.satumano-medakayasan.com/page/2/ | https://piscesbook.com/archives/category/newinfomation/medaka-zukan	2026-09-28	静岡・A-sめだか 芥川隼輔, 2024.7
銀閣	ぎんかく			PATTERN	STRAIN	금각의 실버 타입.	composed_of:金閣+シルバー	https://hinsyu-zukan.satumano-medakayasan.com/page/2/ | https://nekomanma7.ocnk.net/product-list/47 | https://piscesbook.com/archives/category/newinfomation/medaka-zukan	2026-09-28	静岡・A-sめだか 芥川隼輔, 2024.7
金塊	きんかい			LUSTER	STRAIN	금색 라메.	composed_of:ラメ(金)	https://hinsyu-zukan.satumano-medakayasan.com/ | https://nekomanma7.ocnk.net/product-list/47	2026-09-28	沖縄・直めだか 桑江良直, 2023
金塊X				LUSTER	STRAIN	金塊×墨碧眼 백크로스 계열.	composed_of:金塊+墨碧眼	https://piscesbook.com/archives/category/newinfomation/medaka-zukan	2026-09-28	直めだか, 2026.7.1
龍鱗	りゅうりん			SCALE	STRAIN	(幹之系) 미유키의 빛을 옆으로 넓혀 비늘 모양으로 특화 / (カガミ鱗系) 아시아 아로와나 과배금룡의 비늘 표현을 목표로 한 플레이밍라메 전신 카가미린 롱핀.	composed_of:幹之+体外光(鱗状) / カガミ鱗+フレーミングラメ+ロングフィン	https://hinsyu-zukan.satumano-medakayasan.com/ | https://piscesbook.com/archives/category/newinfomation/medaka-zukan	2026-09-28	동명 2계통: 福岡・北九州めだかセンター 2010.6 / 沖縄・無限めだか 山城知也 2025.8.
皇鱗				SCALE	STRAIN	카가미린 계통, 불꽃 같은 흑체색(龍鱗과 함께 발표).	composed_of:カガミ鱗+黒	https://piscesbook.com/archives/category/newinfomation/medaka-zukan	2026-09-28	無限めだか, 2026.6.23. 읽기 미확인
紅玉鏡鱗	こうぎょくかがみりん			SCALE	STRAIN	홍옥 라인의 카가미린(거울비늘) 품종.	composed_of:紅玉+カガミ鱗	https://piscesbook.com/archives/category/newinfomation/medaka-zukan	2026-09-28	めだかのビーンズ, 2026.6.24
ペガサスカガミ鱗				SCALE	STRAIN	카가미린(거울비늘) 품종.	composed_of:カガミ鱗	https://piscesbook.com/archives/category/newinfomation/medaka-zukan	2026-09-28	大ちゃんめだか, 2026.6.25
漆箔	しっぱく			SCALE	STRAIN	카가미린 계열 품종(輝箔와 짝).	composed_of:カガミ鱗	https://piscesbook.com/archives/category/newinfomation/medaka-zukan	2026-09-28	柳井めだか, 2026.6.23
輝箔	きはく			SCALE	STRAIN	카가미린 계열 품종(漆箔와 짝).	composed_of:カガミ鱗	https://piscesbook.com/archives/category/newinfomation/medaka-zukan	2026-09-28	柳井めだか, 2026.6.23
フラミンゴ				SCALE	STRAIN	핑크사파이어 카가미린(猫飯 오리지널).	composed_of:ピンクサファイア+カガミ鱗	https://nekomanma7.ocnk.net/product-list/47	2026-09-28	メダカ屋猫飯, 2025
ピンクサファイア				LUSTER	STRAIN	핑크 체색에 청라메.	composed_of:ピンク+ラメ(青)	https://hinsyu-zukan.satumano-medakayasan.com/page/4/ | https://t-aquagarden.com/column/medaka_variety	2026-09-28	広島・めだかの館 和田敏拓, 2022.8
ピンクサファイアNEO				LUSTER	STRAIN	핑크사파이어의 NEO 계통(めだかの館 픽업).	composed_of:ピンクサファイア+NEO	https://www.medakanoyakata.jp/?mode=cate&cbid=2838660&csid=0&sort=n	2026-09-28	형질 세부 미확인
菜花	なばな			LUSTER	STRAIN	밝은 황체색에 상면에서 강한 라메(황·청 등 난색 라메).	composed_of:黄+ラメ	https://www.medakalog.shop/202308-nabana/	2026-09-28	和田(めだかの館), 2023.8 릴리스
菜花NEO				LUSTER	STRAIN	菜花의 NEO 계통.	composed_of:菜花+NEO	https://www.medakanoyakata.jp/?mode=cate&cbid=2838660&csid=0&sort=n	2026-09-28	めだかの館
白雪	しらゆき			LUSTER	STRAIN	순계(純系) 백 극(極) 라메 미유키.	composed_of:白+ラメ+幹之	https://www.medakalog.shop/202308-nabana/	2026-09-28	읽기는 영문 요약 기반
オーロラ三色				PATTERN	STRAIN	오로라(반투명린)계 삼색(めだかの館 픽업명).	composed_of:オーロラ+三色	https://www.medakanoyakata.jp/?mode=cate&cbid=2838660&csid=0&sort=n	2026-09-28	
ミラージュ紫龍				OTHER	STRAIN	めだかの館 픽업 품종명.		https://www.medakanoyakata.jp/?mode=cate&cbid=2838660&csid=0&sort=n	2026-09-28	형질 설명 미확인
黒龍	こくりゅう			BODY_COLOR	STRAIN	흑체색+투명린+배경반응 없음. 오로치보다 옅은 검정.	composed_of:ブラック+透明鱗+背地反応なし; contrasts:オロチ	https://www.medakalog.shop/kokuryu/ | https://www.medakalog.shop/medaka-hinshu-zukan	2026-09-28	2014 작출(Kawakami—영문 요약으로만 확인, 한자 미확인).
美虎	びとら			PATTERN	STRAIN	황금 체색에 색이 날지 않는 반점(부치) 무늬.	composed_of:黄金+斑	https://hinsyu-zukan.satumano-medakayasan.com/page/8/	2026-09-28	埼玉・北辻めだか 山本健二, 2022.2. term은 '美虎'.
炎尾	えんび			FIN	STRAIN	색이 날지 않는 부치 무늬의 北辻ヒレロング(와이드핀). 꼬리에 먹을 넣지 않아 황~주홍 강조.	composed_of:斑+ワイドフィン	https://hinsyu-zukan.satumano-medakayasan.com/page/9/	2026-09-28	埼玉・北辻めだか 山本健二, 2023.7
青蝶	あおちょう			FIN	STRAIN	히레나가 롱핀의 청미유키.	composed_of:青+幹之+ヒレ長+ロングフィン	https://hinsyu-zukan.satumano-medakayasan.com/page/8/ | https://jma-medaka.com/wp-content/uploads/2022/08/250901_【公式】品種分類マニュアル_第５版.pdf	2026-09-28	埼玉・行田淡水魚 小暮武, 2018.4
ドラゴンブルー				BODY_SHAPE	STRAIN	미유키의 히카리 체형으로 모든 지느러미가 푸르게 빛남.	composed_of:幹之+ヒカリ+ヒレ光	https://hinsyu-zukan.satumano-medakayasan.com/page/20/ | https://www.medakalog.shop/medaka-hinshu-zukan	2026-09-28	福岡・筑後めだか, 2019.4
龍ノ鬣	りゅうのたてがみ			FIN	STRAIN	드래곤블루(청미유키 히카리)를 스왈로로 만든 것.	composed_of:ドラゴンブルー+スワロー	https://hinsyu-zukan.satumano-medakayasan.com/page/5/	2026-09-28	福岡・めだか沼 水上周作, 2020.9
如水	じょすい			FIN	STRAIN	청미유키 히카리 체형 스왈로의 모르포.	composed_of:青+幹之+ヒカリ+スワロー+モルフォ	https://hinsyu-zukan.satumano-medakayasan.com/page/5/	2026-09-28	広島・めだかの館 和田敏拓, 2023.6
夢光				BODY_SHAPE	STRAIN	미유키 히카리 체형, 지느러미 둘레가 빛나는 일주광.	composed_of:幹之+ヒカリ+一周光	https://hinsyu-zukan.satumano-medakayasan.com/page/6/	2026-09-28	岡山・温羅メダカ 国富芳典, 2013.3. 읽기 미확인
夢ラメ				LUSTER	STRAIN	일주광을 가진 미유키 히카리에 라메.	composed_of:幹之+ヒカリ+一周光+ラメ	https://hinsyu-zukan.satumano-medakayasan.com/page/6/	2026-09-28	岡山・温羅メダカ 国富芳典, 2014.4. 읽기 미확인
天山				BODY_SHAPE	STRAIN	히카리 체형, 미유키에 투명린이 들어감.	composed_of:ヒカリ+幹之+透明鱗	https://hinsyu-zukan.satumano-medakayasan.com/page/6/	2026-09-28	愛媛・アヒルのめだか屋さん 川上富美代, 2013. 읽기 미확인
天山無双				FIN	STRAIN	천산(天山)의 마쓰이 히레나가.	composed_of:天山+松井ヒレ長	https://hinsyu-zukan.satumano-medakayasan.com/page/6/	2026-09-28	徳島・徳島めだか養殖場, 2020.10. 읽기 미확인
水色桔梗				FIN	STRAIN	청라메 미유키의 마쓰이 히레나가 히카리 체형.	composed_of:青+ラメ+幹之+松井ヒレ長+ヒカリ	https://hinsyu-zukan.satumano-medakayasan.com/page/6/	2026-09-28	東京・広川正一郎, 2020.7. 읽기 미확인
ブルースターダスト				LUSTER	STRAIN	청라메 체외광.	composed_of:青+ラメ+体外光	https://hinsyu-zukan.satumano-medakayasan.com/page/6/	2026-09-28	埼玉・桃ちゃんめだか, 2015
バクシャイナー			Bakushiner	LUSTER	STRAIN	순혈 미유키의 구아닌을 모아 광채를 높인 품종.	composed_of:幹之+体外光	https://hinsyu-zukan.satumano-medakayasan.com/page/6/ | https://medakapedia.com/strains/	2026-09-28	静岡・メダカ屋猫飯, 2021.7
黒衣				LUSTER	STRAIN	체내에서 배어나는 검은 체색에 옆에서 보이는 청 체외광.	composed_of:黒+体外光(青)	https://hinsyu-zukan.satumano-medakayasan.com/page/6/	2026-09-28	埼玉・本間久徳, 2020.5. 읽기 미확인
天鵞絨				LUSTER	STRAIN	검은 몸 측면에 체외광. 투명린인데 볼이 붉지 않고 검음.	composed_of:黒+体外光+透明鱗	https://hinsyu-zukan.satumano-medakayasan.com/page/6/	2026-09-28	埼玉・本間久徳, 2020.6. 읽기 미확인
極龍	きわみりゅう			LUSTER	STRAIN	황금 비늘, 청(남색) 체색, 입끝까지 체외광.	composed_of:黄金鱗+青+体外光	https://hinsyu-zukan.satumano-medakayasan.com/page/10/ | https://hinsyu-zukan.satumano-medakayasan.com/1431/	2026-09-28	愛媛・極めだか, 2012.6
サンセット極龍				LUSTER	STRAIN	극룡의 가슴지느러미에도 빛이 실리는 계통.	composed_of:極龍+ヒレ光(胸ビレ)	https://hinsyu-zukan.satumano-medakayasan.com/page/10/ | https://hinsyu-zukan.satumano-medakayasan.com/1433/	2026-09-28	愛媛・めだかのビーンズ, 2018.9
菊銀紅玉	きくぎんこうぎょく			PATTERN	STRAIN	삼색 체외광. 주홍이 강해 잉어의 大正三色 같음.	composed_of:三色+体外光	https://hinsyu-zukan.satumano-medakayasan.com/page/10/	2026-09-28	愛媛・菊間めだか 田中敬士, 2021.8
銀鱗紅玉	ぎんりんこうぎょく			PATTERN	STRAIN	삼색 체외광에 지느러미광.	composed_of:三色+体外光+ヒレ光	https://hinsyu-zukan.satumano-medakayasan.com/page/10/	2026-09-28	愛媛・菊間めだか 田中敬士, 2021.7
菊銀美人	きくぎんびじん			FIN	STRAIN	삼색 체외광의 키싱 와이드핀.	composed_of:三色+体外光+キッシングワイドフィン	https://hinsyu-zukan.satumano-medakayasan.com/page/10/	2026-09-28	愛媛・菊間めだか 田中敬士, 2023.2
紅玉	こうぎょく			PATTERN	STRAIN	적색을 강조한 삼색 체외광.	composed_of:三色+体外光	https://hinsyu-zukan.satumano-medakayasan.com/page/13/	2026-09-28	愛媛・めだかのビーンズ 丹下学, 2018.9
朱紅玉	しゅこうぎょく			PATTERN	STRAIN	紅玉의 적색을 더 늘린 삼색 체외광.	composed_of:紅玉+三色+体外光	https://hinsyu-zukan.satumano-medakayasan.com/page/13/	2026-09-28	愛媛・めだかのビーンズ, 2019.6
朱光菊	しゅこうぎく			FIN	STRAIN	삼색 체외광의 롱핀.	composed_of:三色+体外光+ロングフィン	https://hinsyu-zukan.satumano-medakayasan.com/page/13/	2026-09-28	愛媛・菊間めだか 田中敬士, 2022.7
金色夜叉	こんじきやしゃ			PATTERN	STRAIN	황~황금계 삼색 체외광.	composed_of:黄~黄金+三色+体外光	https://hinsyu-zukan.satumano-medakayasan.com/page/16/	2026-09-28	岡山・小寺義克, 2017
紅凛	こうりん			PATTERN	STRAIN	홍색이 강하고 또렷한 무늬의 삼색.	composed_of:三色	https://hinsyu-zukan.satumano-medakayasan.com/page/16/	2026-09-28	岡山・小寺義克, 2018.8
凛華	りんか			PATTERN	STRAIN	머리가 주홍, 블랙림 위에 체외광.	composed_of:朱赤(頭)+ブラックリム+体外光	https://hinsyu-zukan.satumano-medakayasan.com/page/7/	2026-09-28	岡山・小寺義克/夢中めだか 坂上学, 2019.4
華蓮	かれん			PATTERN	STRAIN	머리가 감색(주색), 몸은 블랙림으로 흑색이 강함.	composed_of:柿色(頭)+ブラックリム	https://hinsyu-zukan.satumano-medakayasan.com/page/8/	2026-09-28	岡山・小寺義克, 2017
飛燕	ひえん			PATTERN	STRAIN	머리와 지느러미가 주홍, 블랙림의 히카리 체형.	composed_of:朱赤+ブラックリム+ヒカリ	https://hinsyu-zukan.satumano-medakayasan.com/page/8/	2026-09-28	岡山・小寺義克, 2018
来光	らいこう			PATTERN	STRAIN	머리가 붉고 몸은 블랙림의 적흑 체색.	composed_of:朱赤(頭)+ブラックリム+赤黒	https://hinsyu-zukan.satumano-medakayasan.com/page/19/ | https://nekomanma7.ocnk.net/product-list/47	2026-09-28	広島・日本改良めだか研究所 深川善正, 2018. 猫飯 '来光カガミ鱗' 파생.
白姫	はくひめ			PATTERN	STRAIN	머리가 흰, 블랙림의 히카리 체형.	composed_of:白(頭)+ブラックリム+ヒカリ	https://hinsyu-zukan.satumano-medakayasan.com/page/20/	2026-09-28	岡山・星田めだか 妹尾和明, 2019
闇御津羽神	クラミツハ			PATTERN	STRAIN	머리가 주홍인 투명린 블랙림.	composed_of:朱赤(頭)+透明鱗+ブラックリム	https://hinsyu-zukan.satumano-medakayasan.com/page/13/	2026-09-28	佐賀・美心めだか, 2021 가을
琉華	りゅうか			LUSTER	STRAIN	머리가 주홍, 흑체색에 라메.	composed_of:朱赤(頭)+黒+ラメ	https://hinsyu-zukan.satumano-medakayasan.com/page/12/	2026-09-28	沖縄・めだか造り屋 七海, 2019.3 이전
栗神	くりかん			PATTERN	STRAIN	적색이 짙은 삼색 투명린.	composed_of:三色+透明鱗	https://hinsyu-zukan.satumano-medakayasan.com/page/5/	2026-09-28	広島・日本改良めだか研究所 深川善正, 2017 이전
華簪	はなかんざし			PATTERN	STRAIN	삼색 라메.	composed_of:三色+ラメ	https://hinsyu-zukan.satumano-medakayasan.com/page/12/	2026-09-28	広島・日本改良めだか研究所, 2023.5
黒蜂	こくほう			BODY_COLOR	STRAIN	투명린성 흑체색. 수컷만 지느러미에 황색.	composed_of:黒+透明鱗	https://hinsyu-zukan.satumano-medakayasan.com/page/10/	2026-09-28	広島・日本改良めだか研究所 深川善正, 2013
金華獣	きんかじゅう			LUSTER	STRAIN	라메가 실린 품종.	composed_of:ラメ	https://hinsyu-zukan.satumano-medakayasan.com/page/17/	2026-09-28	広島・日本改良めだか研究所 松浦亮, 2022.6. 설명 일부만 확인
花魁	おいらん		Oiran	PATTERN	STRAIN	가부키의 체외광에 황반(黄斑)이 든 황삼색 체외광.	composed_of:カブキ+体外光+黄斑	https://hinsyu-zukan.satumano-medakayasan.com/page/17/ | https://www.medakalog.shop/medaka-hinshu-zukan | https://themedakaemporium.co.uk/our-medaka	2026-09-28	三重・川戸博貴, 2019.9
カブキ				OTHER	STRAIN	화려하고 번쩍이는 '가부키모노'를 이미지한 품종.		https://hinsyu-zukan.satumano-medakayasan.com/page/19/	2026-09-28	愛知・岡崎葵メダカ 天野雅弘, 2012. 형질 설명 없음
黒百式	くろひゃくしき			LUSTER	STRAIN	체내광, 체내에서 배어나는 흑색과 드문드문 체외광.	composed_of:体内光+黒+体外光	https://hinsyu-zukan.satumano-medakayasan.com/page/17/ | https://www.medakalog.shop/medaka-hinshu-zukan	2026-09-28	愛媛・めだかのビーンズ 丹下学, 2015.8
百式幹之	ひゃくしきみゆき			LUSTER	STRAIN	투명린 미유키의 전신체내광.	composed_of:透明鱗+幹之+全身体内光	https://hinsyu-zukan.satumano-medakayasan.com/page/17/	2026-09-28	愛媛・めだかのビーンズ 丹下学, 2014.9
巫	かんなぎ			LUSTER	STRAIN	검은 전신체내광. 검은/흰 용기에서 모습 변화.	composed_of:黒+全身体内光	https://hinsyu-zukan.satumano-medakayasan.com/page/4/	2026-09-28	埼玉・うなとろふぁ～む, 2018
天照	アマテラス		Amaterasu	LUSTER	STRAIN	주홍 체색에 체외광과 지느러미광, 특히 인광 표현.	composed_of:朱赤+体外光+ヒレ光+鱗光	https://hinsyu-zukan.satumano-medakayasan.com/page/18/ | https://medakapedia.com/strains/	2026-09-28	愛媛・めだかのビーンズ 丹下学, 2021.10
サタン				FIN	STRAIN	오로치를 히레나가로 만든 것.	composed_of:オロチ+ヒレ長	https://hinsyu-zukan.satumano-medakayasan.com/page/15/ | https://medakapedia.com/strains/orochi	2026-09-28	愛媛・めだかのビーンズ, 2017.1
ゼウス				BODY_SHAPE	STRAIN	오로치의 마쓰이 히레나가인 사탄의 히카리 체형.	composed_of:サタン+ヒカリ	https://hinsyu-zukan.satumano-medakayasan.com/page/14/	2026-09-28	愛媛・めだかのビーンズ
墨武	ぼぶ		Bobu	LUSTER	STRAIN	청흑 체색에 체외광.	composed_of:青黒+体外光	https://hinsyu-zukan.satumano-medakayasan.com/page/17/ | https://www.medakalog.shop/medaka-hinshu-zukan | https://themedakaemporium.co.uk/our-medaka	2026-09-28	佐賀・チャチャめだか, 2021.8 이전. EMP 'Bobu'.
蛇墨武 澪ワイドフィン				FIN	STRAIN	蛇墨武 澪에서 와이드핀을 고정.	composed_of:蛇墨武+ワイドフィン	https://piscesbook.com/archives/category/newinfomation/medaka-zukan	2026-09-28	無限めだか, 2026.6.23. 猫飯 목록에 '蛇墨武(ジャスミン)リモーネ'.
玄兎	げんと			FIN	STRAIN	히레나가의 칠흑 체색, 지느러미에 포인트 색.	composed_of:黒+ヒレ長	https://hinsyu-zukan.satumano-medakayasan.com/page/10/	2026-09-28	佐賀・チャチャめだか, 2021.1
GOD				BODY_COLOR	STRAIN	흑색을 더 바래지 않게 한 품종.	composed_of:黒	https://hinsyu-zukan.satumano-medakayasan.com/page/4/	2026-09-28	佐賀・チャチャめだか, 2020 이전
喪屍	ゾンビ			FIN	STRAIN	칠흑 체색의 마쓰이 히레나가, 블루아이.	composed_of:黒+松井ヒレ長+ブルーアイ	https://hinsyu-zukan.satumano-medakayasan.com/page/10/	2026-09-28	群馬・猿めだか, 2022.11
皁	そう			FIN	STRAIN	지느러미 황색의 흑체색에 리얼롱핀, 블루아이.	composed_of:ブラック(ヒレ黄)+リアルロングフィン+ブルーアイ	https://hinsyu-zukan.satumano-medakayasan.com/page/3/	2026-09-28	岐阜・西郷めだか, 2023.7
黒槍	ブラックランス			FIN	STRAIN	칠흑 체색, 황색 기미 지느러미의 리얼롱핀.	composed_of:黒+ヒレ黄+リアルロングフィン	https://hinsyu-zukan.satumano-medakayasan.com/page/13/	2026-09-28	岡山・星田めだか
阿形	あぎょう		Agyou	BODY_SHAPE	STRAIN	칠흑 체색 히카리 체형 스왈로, 등지느러미에 황.	composed_of:黒+ヒカリ+スワロー	https://hinsyu-zukan.satumano-medakayasan.com/page/15/ | https://medakapedia.com/strains/	2026-09-28	徳島・舞風めだか, 2021.8
吽形	うんぎょう			BODY_SHAPE	STRAIN	칠흑 체색 히카리 체형 스왈로.	composed_of:黒+ヒカリ+スワロー	https://hinsyu-zukan.satumano-medakayasan.com/page/15/	2026-09-28	徳島・舞風めだか, 2021.8
妲己	だっき			BODY_SHAPE	STRAIN	칠흑 체색 히카리 체형 스왈로, 등지느러미 황~주황.	composed_of:黒+ヒカリ+スワロー	https://hinsyu-zukan.satumano-medakayasan.com/page/15/	2026-09-28	徳島・舞風めだか, 2022.3
黄泉	よみ			FIN	STRAIN	흑체색에 황~주황이 든 마쓰이 히레나가 스왈로.	composed_of:黒+黄~橙+松井ヒレ長+スワロー	https://hinsyu-zukan.satumano-medakayasan.com/page/9/	2026-09-28	福岡・めだかハウスいろは 上村剛, 2019 이전
クムブルー				EYE	STRAIN	칠흑 몸에 푸르게 빛나는 눈, 스몰아이.	composed_of:黒+ブルーアイ+スモールアイ	https://hinsyu-zukan.satumano-medakayasan.com/page/9/	2026-09-28	香川・漆黒めだか 森藤秀太(シュタム), 2022 이전
悪魔	あくま			EYE	STRAIN	흑체색 스몰아이. 눈 색이 녹~적 등으로 순간 변화.	composed_of:黒+スモールアイ	https://hinsyu-zukan.satumano-medakayasan.com/page/12/	2026-09-28	鹿児島・湧水めだか, 2019 이전
黑天幻龍	こくてんげんりゅう			EYE	STRAIN	흑체색에 스몰아이·블루아이·화이트아이·레드아이 등 눈 변화.	composed_of:黒+スモールアイ+ブルーアイ	https://hinsyu-zukan.satumano-medakayasan.com/page/14/	2026-09-28	群馬・上州愛鷹煌めき会 gao, 2022.8
エヴァ				EYE	STRAIN	라메가 실린 흑체색 블루아이. 금색이 되는 개체도.	composed_of:黒+ラメ+ブルーアイ	https://hinsyu-zukan.satumano-medakayasan.com/page/2/	2026-09-28	静岡・Fuji Aqua Green 川口和則, 2023.3
ポニョ				EYE	STRAIN	출목(出目)이면서 눈이 정면을 향함.	composed_of:出目+目前	https://hinsyu-zukan.satumano-medakayasan.com/page/3/	2026-09-28	愛媛・近藤利継, 2010
魔王	まおう			LUSTER	STRAIN	히카리 체형 보랏빛 흑체색에 무지갯빛 광채.	composed_of:黒(紫)+ヒカリ+虹色光彩	https://hinsyu-zukan.satumano-medakayasan.com/page/9/ | https://www.medakalog.shop/medaka-hinshu-zukan	2026-09-28	広島・め組。, 2012.5
魔王・改	まおうかい			LUSTER	STRAIN	보랏빛 흑체색에 라메, 등의 무지개 광채가 순간 적색으로 변화.	composed_of:魔王+ラメ	https://hinsyu-zukan.satumano-medakayasan.com/page/9/	2026-09-28	広島・め組。, 2014경
宝鱗無双	ほうりんむそう			LUSTER	STRAIN	등의 청·녹·황 무지개 광채가 순간 적색으로 변함.	composed_of:虹色光彩	https://hinsyu-zukan.satumano-medakayasan.com/page/9/	2026-09-28	広島・め組。, 2013
螺鈿光	らでんこう			LUSTER	STRAIN	조개 나전세공을 떠올리게 하는 광택. 백체색에 체외광(순혈통은 청이 안 나옴).	composed_of:白+体外光	https://hinsyu-zukan.satumano-medakayasan.com/page/9/ | https://hinsyu-zukan.satumano-medakayasan.com/page/13/	2026-09-28	hinsyu-zukan에 2건: 広島・め組。 2011 이전 / 香川・鈴木 2007 — 작출자 불일치.
群青	ぐんじょう			LUSTER	STRAIN	검은 용기에서 푸르게 보이는 나전광 파생.	composed_of:螺鈿光	https://hinsyu-zukan.satumano-medakayasan.com/page/14/	2026-09-28	愛媛・伊豫めだか
しずく				OTHER	STRAIN	복막이 청~녹으로 빛나고 체외광도 가짐.	composed_of:腹膜光+体外光	https://hinsyu-zukan.satumano-medakayasan.com/page/14/ | https://nekomanma7.ocnk.net/product-list/47	2026-09-28	長崎・波羅門めだか, 2018.12
緑光	りょっこう			BODY_COLOR	STRAIN	녹색 개체를 바탕으로 발전시킨 품종.	composed_of:緑	https://hinsyu-zukan.satumano-medakayasan.com/page/14/ | https://jma-medaka.com/wp-content/uploads/2022/08/250901_【公式】品種分類マニュアル_第５版.pdf	2026-09-28	静岡・神村孝人/愛知・凸凹めだか凸凹彩, 2018 이전. JMA: 녹색계는 청 형질보충 緑/체외광 緑/체내광 緑 중 하나.
クロコダイル				FIN	STRAIN	녹광의 변종으로 히레나가.	composed_of:緑光+ヒレ長	https://hinsyu-zukan.satumano-medakayasan.com/page/3/	2026-09-28	熊本・サウスめだか, 2021.9
サボテン				LUSTER	STRAIN	짙은 녹색 체색에 녹색 체외광과 라메가 빽빽.	composed_of:緑+体外光+ラメ	https://hinsyu-zukan.satumano-medakayasan.com/page/14/	2026-09-28	埼玉・メダカ屋サバンナ, 2021.7
サボラメ				LUSTER	STRAIN	청록 라메의 오로라계, 황색도 약간.	composed_of:オーロラ+ラメ(青緑)	https://hinsyu-zukan.satumano-medakayasan.com/page/3/ | https://medakapedia.com/strains/yozakura	2026-09-28	静岡・Fuji Aqua Green 川口和則, 2021
ネプチューン			Neptune	LUSTER	STRAIN	전신이 청 라메, 코끝까지 라메.	composed_of:青+ラメ	https://hinsyu-zukan.satumano-medakayasan.com/page/10/ | https://themedakaemporium.co.uk/our-medaka | https://piscesbook.com/archives/category/newinfomation/medaka-zukan	2026-09-28	埼玉・メダカ屋サバンナ, 2023.7
ブルームーン		블루문		LUSTER	STRAIN	칠흑 몸에 푸른 라메.	composed_of:黒+ラメ(青)	https://hinsyu-zukan.satumano-medakayasan.com/page/11/ | https://liviaqua.co.kr/category/%EA%B5%AD%EB%82%B4-%EB%B8%8C%EB%A6%AC%EB%94%A9/45/	2026-09-28	埼玉・メダカ屋サバンナ, 2022.6. 한국 리비아쿠아 '블루문 메다카' 국내번식.
プロメテウス				BODY_SHAPE	STRAIN	히카리 체형, 라메.	composed_of:ヒカリ+ラメ	https://hinsyu-zukan.satumano-medakayasan.com/page/11/	2026-09-28	埼玉・メダカ屋サバンナ, 2022.6
スズラン				LUSTER	STRAIN	백라메에 입끝만 녹색.	composed_of:白+ラメ+緑(口先)	https://hinsyu-zukan.satumano-medakayasan.com/page/11/	2026-09-28	埼玉・メダカ屋サバンナ, 2021.11
ゴブリン				LUSTER	STRAIN	실버 체색 히카리 체형에 녹·청의 강한 라메.	composed_of:シルバー+ヒカリ+ラメ	https://hinsyu-zukan.satumano-medakayasan.com/page/11/	2026-09-28	埼玉・メダカ屋サバンナ, 2023.3
レックウザ				LUSTER	STRAIN	메탈릭 체색에 구아닌과 라메.	composed_of:メタリック+ラメ	https://hinsyu-zukan.satumano-medakayasan.com/page/3/	2026-09-28	埼玉・メダカ屋サバンナ, 2024.8
天界	てんかい			LUSTER	STRAIN	황(오렌지) 머리에 청라메의 투톤.	composed_of:黄(頭)+ラメ(青)	https://hinsyu-zukan.satumano-medakayasan.com/page/17/ | https://www.medakalog.shop/medaka-hinshu-zukan	2026-09-28	埼玉・メダカ屋サバンナ, 2021.6
サンシャイン			Sunshine	LUSTER	STRAIN	오렌지~황금 체색에 코끝까지 다색 라메.	composed_of:オレンジ~黄金+ラメ(多色)	https://hinsyu-zukan.satumano-medakayasan.com/page/7/ | https://themedakaemporium.co.uk/our-medaka	2026-09-28	埼玉・メダカ屋サバンナ, 2023.10
フェザーライト				FIN	STRAIN	깃털 같은 풍성한 롱핀과 빽빽한 라메.	composed_of:ロングフィン+ラメ	https://hinsyu-zukan.satumano-medakayasan.com/page/2/	2026-09-28	埼玉・メダカ屋サバンナ/群馬・チャーム, 2025.8
ミント				OTHER	STRAIN	무슈메다카 품종(설명 미확인).		https://hinsyu-zukan.satumano-medakayasan.com/	2026-09-28	埼玉・武州メダカ 安藤観賞魚 安藤薫, 2021
彩桜	さいざくら			OTHER	STRAIN	무슈메다카 품종(설명 미확인). 요자쿠라 관련 품종으로 medakapedia에 연결.		https://hinsyu-zukan.satumano-medakayasan.com/ | https://medakapedia.com/strains/yozakura	2026-09-28	埼玉・武州メダカ 安藤薫, 2022
ガイア				OTHER	STRAIN	高州めだか 품종(설명 미확인).		https://hinsyu-zukan.satumano-medakayasan.com/	2026-09-28	山梨・高州めだか, 2022.9
オベリスク				OTHER	STRAIN	高州めだか 품종(설명 미확인). 요자쿠라 관련으로 medakapedia 연결.		https://hinsyu-zukan.satumano-medakayasan.com/ | https://medakapedia.com/strains/yozakura	2026-09-28	山梨・高州めだか, 2022.6
魅輝	みき			OTHER	STRAIN	高州めだか 품종(설명 미확인).		https://hinsyu-zukan.satumano-medakayasan.com/	2026-09-28	山梨・高州めだか, 2023.3
クリアブラウン				BODY_COLOR	STRAIN	투명감 있는 엿색(飴色) 체색.	composed_of:飴色	https://hinsyu-zukan.satumano-medakayasan.com/	2026-09-28	広島・めだか本舗 ニ野宮良博, 2006
ブラックタイド・ゼブラ				PATTERN	STRAIN	쿠로시오(블랙타이드)에서 이름을 딴 줄무늬.	composed_of:縞	https://hinsyu-zukan.satumano-medakayasan.com/	2026-09-28	福岡・のら猫ギン, 2022
紫延	しえん			FIN	STRAIN	빛에 따라 보라색, 머리·지느러미에 흑, 히카리 체형 히레나가.	composed_of:紫+ヒカリ+ヒレ長	https://hinsyu-zukan.satumano-medakayasan.com/page/2/ | https://medakapedia.com/strains/miyuki	2026-09-28	愛知・B型おやじ, 2023.8
ブリザード				LUSTER	STRAIN	눈보라 같은 전신 결정(라메).	composed_of:ラメ	https://hinsyu-zukan.satumano-medakayasan.com/page/2/	2026-09-28	岡山・河めだか, 2024.11
ラメ王	らめおう			LUSTER	STRAIN	라메 알이 크고, 라메 폭이 넓고, 반사량이 강함.	composed_of:ラメ	https://hinsyu-zukan.satumano-medakayasan.com/page/13/ | https://www.medakalog.shop/medaka-hinshu-zukan	2026-09-28	岐阜・道三めだか, 2021.3
ヒミツヘイキ				LUSTER	STRAIN	번쩍이는 라메. '라메왕 개(ラメ王改)'라고도 불림.	composed_of:ラメ; same_as:ラメ王改	https://hinsyu-zukan.satumano-medakayasan.com/page/11/	2026-09-28	岐阜・道三めだか, 2021.12
シンヘイキ				FIN	STRAIN	히미쓰헤이키를 히레나가화한 라메 마쓰이 히레나가.	composed_of:ヒミツヘイキ+松井ヒレ長	https://hinsyu-zukan.satumano-medakayasan.com/page/11/	2026-09-28	岐阜・道三めだか, 2022.10
サイシュウヘイキ				LUSTER	STRAIN	오로라계 다색 라메로 히미쓰헤이키를 더 번쩍이게.	composed_of:オーロラ系+ラメ(多色)	https://hinsyu-zukan.satumano-medakayasan.com/page/4/	2026-09-28	岐阜・稲めだか, 2023.9
ピッコロ				BODY_SHAPE	STRAIN	황록색으로 번쩍이는 라메의 다루마.	composed_of:ラメ(黄緑)+ダルマ	https://hinsyu-zukan.satumano-medakayasan.com/page/2/	2026-09-28	岐阜・道三めだか, 2025.2
ゾンクレヘイキ				LUSTER	STRAIN	황록 라메, 피콜로의 보통체형.	composed_of:ラメ(黄緑)+普通体型	https://hinsyu-zukan.satumano-medakayasan.com/page/2/	2026-09-28	岐阜・道三めだか, 2025.2
スパークルヘイキ				LUSTER	STRAIN	猫飯 2025 목록명(ヘイキ 계열로 보임).		https://nekomanma7.ocnk.net/product-list/47	2026-09-28	형질 설명 미확인
ダイアナ				LUSTER	STRAIN	홍백 체외광에 인광.	composed_of:紅白+体外光+鱗光	https://hinsyu-zukan.satumano-medakayasan.com/page/5/	2026-09-28	岐阜・道三めだか, 2022.8
ダイアナ妃リアルロングフィン				FIN	STRAIN	인광이 있는 홍백 체외광의 리얼롱핀.	composed_of:紅白+体外光+鱗光+リアルロングフィン	https://hinsyu-zukan.satumano-medakayasan.com/page/4/	2026-09-28	岐阜・西郷めだか, 2022.12
墨狼				LUSTER	STRAIN	히미쓰헤이키 계통 변이.	composed_of:ヒミツヘイキ	https://piscesbook.com/archives/category/newinfomation/medaka-zukan	2026-09-28	湊養魚場, 2025.10.11. 읽기 미확인
ブラックジュエリー				FIN	STRAIN	칠흑 체색에 라메가 실린 히레나가. 이전 이름 '핀창'.	composed_of:黒+ラメ+ヒレ長; same_as:ピンチャン	https://hinsyu-zukan.satumano-medakayasan.com/page/11/	2026-09-28	岡山・夢中めだか, 2022.10
エンペラー				FIN	STRAIN	홍백 체색에 체외광과 지느러미광의 롱핀.	composed_of:紅白+体外光+ヒレ光+ロングフィン	https://hinsyu-zukan.satumano-medakayasan.com/page/11/	2026-09-28	岡山・夢中めだか, 2022.10
スペード				BODY_SHAPE	STRAIN	라메가 실린 실버 히카리 체형, 롱핀+스왈로.	composed_of:シルバー+ラメ+ヒカリ+ロングフィン+スワロー	https://hinsyu-zukan.satumano-medakayasan.com/page/5/	2026-09-28	岡山・夢中めだか, 2024.3
シンデレラガール				FIN	STRAIN	스왈로 지느러미 롱핀 표현.	composed_of:スワロー+ロングフィン	https://piscesbook.com/archives/category/newinfomation/medaka-zukan	2026-09-28	夢中めだか, 2026.7.25
みかん				LUSTER	STRAIN	오렌지 체색에 빽빽한 라메.	composed_of:オレンジ+ラメ	https://hinsyu-zukan.satumano-medakayasan.com/page/16/	2026-09-28	岡山・星田めだか, 2021
月下美人	げっかびじん			LUSTER	STRAIN	히카리 체형, 선명한 오렌지 베이스 라메(청·분홍·보라 발색도).	composed_of:オレンジ+ヒカリ+ラメ	https://hinsyu-zukan.satumano-medakayasan.com/page/12/ | https://www.medakalog.shop/medaka-hinshu-zukan	2026-09-28	熊本・舞めだか, 2019.4
月神	げっしん			LUSTER	STRAIN	황색계 삼색 라메에 청 체외광이 흩뿌려짐.	composed_of:黄+三色+ラメ+体外光	https://hinsyu-zukan.satumano-medakayasan.com/page/7/ | https://www.medakalog.shop/medaka-hinshu-zukan	2026-09-28	熊本・舞めだか, 2021.4
天帝	てんてい			LUSTER	STRAIN	흰 바탕에 황 무늬, 체외광과 라메.	composed_of:白+黄+体外光+ラメ	https://hinsyu-zukan.satumano-medakayasan.com/page/7/	2026-09-28	熊本・舞めだか, 2020.5
赫灼	かくしゃく			LUSTER	STRAIN	그을린 듯한 흑 기미 체색에 다색 라메.	composed_of:黒+ラメ(多色)	https://hinsyu-zukan.satumano-medakayasan.com/page/7/	2026-09-28	熊本・舞めだか, 2022.4
明けの明星	あけのみょうじょう			FIN	STRAIN	라메가 빽빽한 오로라계 삼색의 마쓰이 히레나가.	composed_of:オーロラ系+三色+ラメ+松井ヒレ長	https://hinsyu-zukan.satumano-medakayasan.com/page/16/	2026-09-28	熊本・舞めだか, 2020.6
月弓	つくゆみ			OTHER	STRAIN	舞めだか 품종(설명 미확인).		https://hinsyu-zukan.satumano-medakayasan.com/page/16/ | https://www.medakalog.shop/medaka-hinshu-zukan	2026-09-28	熊本・舞めだか, 2019.4
忘却の翼	ぼうきゃくのつばさ			LUSTER	STRAIN	머리까지 라메가 빽빽.	composed_of:ラメ	https://hinsyu-zukan.satumano-medakayasan.com/page/20/ | https://www.medakalog.shop/medaka-hinshu-zukan | https://www.medakalog.shop/202308-nabana/	2026-09-28	熊本・舞めだか, 2020.4
レクリス	レクリス			FIN	STRAIN	금색 체색의 히레나가에 미세 라메가 빽빽.	composed_of:金色+ヒレ長+ラメ	https://hinsyu-zukan.satumano-medakayasan.com/page/18/ | https://www.medakalog.shop/medaka-hinshu-zukan	2026-09-28	熊本・舞めだか, 2021.4
アイスブレイク	アイスブレイク			LUSTER	STRAIN	상면·측면 모두 고밀도 청라메의 오로라계 히카리 체형.	composed_of:ラメ(青)+オーロラ系+ヒカリ	https://hinsyu-zukan.satumano-medakayasan.com/page/18/ | https://www.medakalog.shop/medaka-hinshu-zukan	2026-09-28	熊本・舞めだか, 2021.11
久遠七星	くおんしちせい			LUSTER	STRAIN	상반신 오렌지 체색 히카리 체형에 초고밀도(라메).	composed_of:オレンジ+ヒカリ+ラメ	https://hinsyu-zukan.satumano-medakayasan.com/page/14/	2026-09-28	熊本・舞めだか, 2022.4. 설명 일부 절단
蒼煌	そうこう			LUSTER	STRAIN	머리는 황~감색, 몸에 청라메가 빽빽.	composed_of:黄~柿色(頭)+ラメ(青)	https://hinsyu-zukan.satumano-medakayasan.com/page/9/	2026-09-28	群馬・上州めだか, 2021.7
宮桜	みやざくら		Miyazakura	LUSTER	STRAIN	흑 베이스에 선명한 주홍~감색과 청라메.	composed_of:黒+朱赤~柿色+ラメ(青)	https://hinsyu-zukan.satumano-medakayasan.com/page/16/ | https://www.medakalog.shop/medaka-hinshu-zukan | https://themedakaemporium.co.uk/our-medaka	2026-09-28	愛知・宮本浩克, 2021.12. EMP: 흑·황 오로라.
紅華	こうか	홍화		LUSTER	STRAIN	주홍 체색에 황색 라메.	composed_of:朱赤+ラメ(黄)	https://hinsyu-zukan.satumano-medakayasan.com/page/5/ | https://liviaqua.co.kr/	2026-09-28	愛知・小野めだか 小野久仁雄, 2022.11. 한국 '홍화 메다카'.
狼牙	ろうが			LUSTER	STRAIN	실버 체색에 실버 라메가 빽빽.	composed_of:シルバー+ラメ	https://hinsyu-zukan.satumano-medakayasan.com/page/5/	2026-09-28	愛知・小野めだか 小野久仁雄, 2020.7
シャンパンゴールドラメ				LUSTER	STRAIN	옅은 금색 체색에 굵고 독립된 라메.	composed_of:金色+ラメ	https://hinsyu-zukan.satumano-medakayasan.com/page/5/ | https://nekomanma7.ocnk.net/product-list/47	2026-09-28	静岡・メダカ屋猫飯 池谷雄二, 2016.11
サバの極み	さばのきわみ			LUSTER	STRAIN	배 부분이 검고 청 체외광(고등어 같은). '사바'라고도.	composed_of:黒(腹)+体外光(青); same_as:サバ	https://hinsyu-zukan.satumano-medakayasan.com/page/20/ | https://www.medakalog.shop/medaka-hinshu-zukan | https://hinsyu-zukan.satumano-medakayasan.com/sabanokiwami	2026-09-28	静岡・メダカ屋猫飯, 2019. 표제 'サバ、サバの極み'.
メタリカ				LUSTER	STRAIN	측면광이 두드러지는 메탈릭 체색.	composed_of:側面光	https://hinsyu-zukan.satumano-medakayasan.com/page/3/	2026-09-28	静岡・めだか屋さくら 中山克大, 2022.5
アグリアス			Agrias	LUSTER	STRAIN	주홍 머리에 청라메.	composed_of:朱赤(頭)+ラメ(青)	https://hinsyu-zukan.satumano-medakayasan.com/page/8/ | https://www.medakalog.shop/medaka-hinshu-zukan | https://themedakaemporium.co.uk/our-medaka | https://medakapedia.com/strains/	2026-09-28	静岡・メダカファーム泉 関口, 2022
ユリシス	ユリシス			LUSTER	STRAIN	호주의 푸른 나비에서 이름. 지느러미 물듦(ヒレ染まり).		https://hinsyu-zukan.satumano-medakayasan.com/page/17/ | https://www.medakalog.shop/medaka-hinshu-zukan | https://www.medakalog.shop/202308-nabana/	2026-09-28	静岡・メダカファーム泉 関口, 2021.2
ホログラム				OTHER	STRAIN	광학 기록 개념에서 이름을 딴 품종.		https://hinsyu-zukan.satumano-medakayasan.com/page/8/	2026-09-28	埼玉・矢野陽三, 2019경
改志	カイジ			FIN	STRAIN	등·뒷·배지느러미에 황색.	composed_of:ヒレ黄	https://hinsyu-zukan.satumano-medakayasan.com/page/17/ | https://medakapedia.com/strains/orochi	2026-09-28	奈良・飛鳥めだか 谷國昌博, 2020.4. 표제 '改志、カイジ'. medakapedia는 오로치 관련 품종.
黒竜覇改	こくりゅうはかい			FIN	STRAIN	カイジ×黒菊リアルロングフィン 에 オロチ北辻ヒレロングブルーアイ 교배.	composed_of:カイジ+黒菊リアルロングフィン+オロチ北辻ヒレロングブルーアイ	https://piscesbook.com/archives/category/newinfomation/medaka-zukan	2026-09-28	めだか丸, 2026.9.13. 읽기 'こくりゅうは'+改.
ふ～は～	ふ～は～			OTHER	STRAIN	大和紅帝風雅 교배 품종.	composed_of:大和紅帝風雅	https://hinsyu-zukan.satumano-medakayasan.com/page/17/	2026-09-28	埼玉・うなとろふぁ～む, 2021.8. 설명 절단
アルテミス	アルテミス			FIN	STRAIN	적갈 체색에 아종 표현, 하얗게 빛나는 지느러미.	composed_of:赤茶+亜種(ヒレライン)+ヒレ光	https://hinsyu-zukan.satumano-medakayasan.com/page/17/	2026-09-28	福岡・Azumaめだか, 2022.6
ディーバ				FIN	STRAIN	꼬리지느러미 중심부가 빛나는 아종 표현이 금색.	composed_of:亜種(金)	https://hinsyu-zukan.satumano-medakayasan.com/page/12/	2026-09-28	福岡・Azuma medaka, 2022.9
グランブルー			Grandblue	FIN	STRAIN	아종 특징에 꼬리지느러미가 커짐.	composed_of:亜種+尾ビレ大	https://hinsyu-zukan.satumano-medakayasan.com/page/12/ | https://themedakaemporium.co.uk/our-medaka	2026-09-28	福岡・Azumaめだか, 2021.10. EMP 'Grandblue KWF'(키싱 와이드핀).
グラディオ		그라디오		FIN	STRAIN	모르포 지느러미를 크게 상하로 넓힌 진화계.	composed_of:モルフォ	https://hinsyu-zukan.satumano-medakayasan.com/page/12/ | https://liviaqua.co.kr/	2026-09-28	福岡・Azumaめだか, 2022.9. 한국 샵 '그라디오 R8'.
デーンモルフォ				FIN	STRAIN	주홍·홍백 몸에 청백 모르포 후사 지느러미.	composed_of:朱赤+紅白+モルフォ	https://hinsyu-zukan.satumano-medakayasan.com/page/13/	2026-09-28	福岡・Azuma medaka, 2022.9
レーヴ				FIN	STRAIN	체외광·지느러미광, 롱핀의 모르포 아종.	composed_of:体外光+ヒレ光+ロングフィン+モルフォ亜種	https://hinsyu-zukan.satumano-medakayasan.com/page/16/	2026-09-28	福岡・Azumaめだか, 2022.9
コブラ				LUSTER	STRAIN	(フレーミングラメ系) 라메가 비늘 테두리를 두름 / (モルフォ系) 머리 갈색의 다크 삼색에 체외광. / GEX: 짙은 체색에 체외광·가슴지느러미 라메광.	composed_of:フレーミングラメ / 三色+体外光	https://hinsyu-zukan.satumano-medakayasan.com/page/12/ | https://www.gex-fp.co.jp/fish/breed_cat/medaka_catalog/	2026-09-28	동명 2계통: 愛媛・MARIMOYA 藤中守 2022.7 / 埼玉・花小屋 戸松具視 2022.7.
キングコブラ				FIN	STRAIN	리얼롱핀 특징을 코브라에 유전시킨 품종.	composed_of:コブラ+リアルロングフィン	https://www.gex-fp.co.jp/fish/breed_cat/medaka_catalog/	2026-09-28	
ゴジラ				LUSTER	STRAIN	체내에서 배어나는 흑에 녹~청 체외광.	composed_of:黒+体外光(緑~青)	https://hinsyu-zukan.satumano-medakayasan.com/page/4/	2026-09-28	山口・二代目アクアボーイ, 2022.7
エンゼル				BODY_SHAPE	STRAIN	체외광에 지느러미광 롱핀의 다루마 체형.	composed_of:体外光+ヒレ光+ロングフィン+ダルマ	https://hinsyu-zukan.satumano-medakayasan.com/page/4/ | https://www.medakalog.shop/medaka-hinshu-zukan	2026-09-28	福岡・筑紫めだか, 2022.4
あわび	あわび			PATTERN	STRAIN	청·다색 라메와 검은 부치 무늬가 전복처럼 보임.	composed_of:ラメ(多色)+斑	https://hinsyu-zukan.satumano-medakayasan.com/page/18/	2026-09-28	鹿児島・めだかのオッチャン, 2020.10
灰桜	はいざくら			BODY_COLOR	STRAIN	분홍 기미 체색.	composed_of:ピンク	https://hinsyu-zukan.satumano-medakayasan.com/page/19/	2026-09-28	鹿児島・薩摩のメダカ屋さん, 2021.5
パーティードレス			Party Dress	BODY_SHAPE	STRAIN	히카리 체형+히레나가.	composed_of:ヒカリ+ヒレ長	https://hinsyu-zukan.satumano-medakayasan.com/page/14/ | https://themedakaemporium.co.uk/our-medaka	2026-09-28	福岡・朝倉めだか倶楽部 熊谷誠治, 2019 이전
ラムネブルー				FIN	STRAIN	청 체외광(인광)의 롱핀.	composed_of:体外光(鱗光)+ロングフィン	https://hinsyu-zukan.satumano-medakayasan.com/page/14/	2026-09-28	和歌山・カズーメダカ, 2021
イカ墨	いかすみ			FIN	STRAIN	흑체색 키싱 와이드핀. 상면은 체외광, 측면은 라메.	composed_of:黒+キッシングワイドフィン+体外光+ラメ	https://hinsyu-zukan.satumano-medakayasan.com/page/11/	2026-09-28	新潟・River Farm 五十川, 2022.9
滝	たき			OTHER	STRAIN	鎖メダカ 품종(설명 미확인).		https://hinsyu-zukan.satumano-medakayasan.com/page/2/	2026-09-28	茨城・鎖メダカ 杉山祐太, 2023.6
墨ノ不	スミノフ			OTHER	STRAIN	天雷 화이트 타입×シーエラゴ, F4 세대.	composed_of:天雷+シーエラゴ	https://piscesbook.com/archives/category/newinfomation/medaka-zukan	2026-09-28	鎖めだか, 2026.6.23
黒纏	くろまとい			OTHER	STRAIN	河口湖メダカ 품종(설명 미확인).		https://hinsyu-zukan.satumano-medakayasan.com/page/2/	2026-09-28	山梨・河口湖メダカ 坂木洋輔, 2021.7
WI-01	ダブリューアイゼロイチ			PATTERN	STRAIN	삼색 라메 미유키 체외광.	composed_of:三色+ラメ+幹之+体外光	https://hinsyu-zukan.satumano-medakayasan.com/page/3/	2026-09-28	岡山・静楽庵, 2019
LU-04	エルユーゼロヨン			PATTERN	STRAIN	삼색 라메 체외광.	composed_of:三色+ラメ+体外光	https://hinsyu-zukan.satumano-medakayasan.com/page/3/	2026-09-28	岡山・静楽庵, 2022.6
MS-06	エムエスゼロロク			FIN	STRAIN	모르포 아종 타입.	composed_of:モルフォ亜種	https://hinsyu-zukan.satumano-medakayasan.com/page/3/	2026-09-28	岡山・静楽庵, 2024
黒翼黄昏	こくよくたそがれ			PATTERN	STRAIN	黒翼×五式type-R, 6세대 선발.	composed_of:黒翼+五式type-R	https://piscesbook.com/archives/category/newinfomation/medaka-zukan	2026-09-28	熊庭めだか, 2026.6.25
宝珠	ほうじゅ			FIN	STRAIN	スパークルサン→金箔和墨에 스왈로 인자.	composed_of:スパークルサン+金箔和墨+スワロー	https://piscesbook.com/archives/category/newinfomation/medaka-zukan	2026-09-28	Fuji Aqua Green, 2026.6.24
ピーコック				OTHER	STRAIN	MARIMOYA 작 다색 피콕 4타입(블랙/블루/오렌지/고스트).		https://piscesbook.com/archives/category/newinfomation/medaka-zukan	2026-09-28	MARIMOYA, 2026.6.25. ブラックピーコック・ブルーピーコック・オレンジピーコック・ゴーストピーコック
イリディセント				LUSTER	STRAIN	プラチナ幹之リアルロングフィン에서 나온 돌연변이.	composed_of:プラチナ幹之+リアルロングフィン	https://piscesbook.com/archives/category/newinfomation/medaka-zukan | https://medakapedia.com/strains/miyuki	2026-09-28	中里良則, 2023.12
白鯨	はくげい			FIN	STRAIN	잘 뻗은 각 지느러미에 큰 반점 무늬.	composed_of:ヒレ長+斑	https://www.gex-fp.co.jp/fish/breed_cat/medaka_catalog/	2026-09-28	
柿右衛門	かきえもん			FIN	STRAIN	우아한 히레나가에 3색 무늬.	composed_of:ヒレ長+三色	https://www.gex-fp.co.jp/fish/breed_cat/medaka_catalog/	2026-09-28	
輪夢	りむ			BODY_COLOR	STRAIN	깊은 흑색소 체색에 적색이 든 품종.	composed_of:黒+赤	https://www.gex-fp.co.jp/fish/breed_cat/medaka_catalog/	2026-09-28	
輪夢白黒タイプ				PATTERN	STRAIN	흰 바탕에 퇴색하지 않는 흑 표현.	composed_of:輪夢+白+黒	https://www.gex-fp.co.jp/fish/breed_cat/medaka_catalog/	2026-09-28	
彩ノ輝	さいのかがやき			LUSTER	STRAIN	머리의 황색소, 옅은 블루 체외광.	composed_of:黄(頭)+体外光(青)	https://www.gex-fp.co.jp/fish/breed_cat/medaka_catalog/	2026-09-28	
阿修羅	あしゅら			FIN	STRAIN	꼬리지느러미 히레나가 끝이 갈라지는 복합 품종.	composed_of:ヒレ長+(分裂)	https://www.gex-fp.co.jp/fish/breed_cat/medaka_catalog/	2026-09-28	
花伝	かでん			BODY_COLOR	STRAIN	머리~몸통의 옅은 오렌지 체색.	composed_of:オレンジ	https://www.gex-fp.co.jp/fish/breed_cat/medaka_catalog/	2026-09-28	
アポロ				LUSTER	STRAIN	흑체색 베이스에 다색 라메와 라메 밀도를 선별 고정.	composed_of:黒+ラメ(多色)	https://www.gex-fp.co.jp/fish/breed_cat/medaka_catalog/	2026-09-28	
ラパス				LUSTER	STRAIN	체외광에 흩뿌려진 라메와 옅은 체색. 용기에 따른 체색 변화.	composed_of:体外光+ラメ	https://www.hime-medaka.com/medakanohinsyu/	2026-09-28	
王媛	おうえん			EYE	STRAIN	라파스계 알비노. 와이드핀·롱핀 2타입, 이론상 거의 100% 알비노 고정.	composed_of:ラパス+アルビノ+ワイドフィン/ロングフィン	https://www.hime-medaka.com/medakanohinsyu/	2026-09-28	
エンハンブレ				LUSTER	STRAIN	오로라 황라메계. 스페인어 '별가루·무리'.	composed_of:オーロラ+黄ラメ	https://www.hime-medaka.com/medakanohinsyu/	2026-09-28	
ラスター				FIN	STRAIN	라파스 진화계 와이드핀('광택').	composed_of:ラパス+ワイドフィン	https://www.hime-medaka.com/medakanohinsyu/	2026-09-28	
ダイヤモンドダスト				LUSTER	STRAIN	흰 베이스 체외광과 라메의 복합.	composed_of:白+体外光+ラメ	https://t-aquagarden.com/column/medaka_variety	2026-09-28	
スーパーブラック				BODY_COLOR	STRAIN	더 깊은 흑체색.	composed_of:ブラック	https://t-aquagarden.com/column/medaka_variety	2026-09-28	
ヒメダカ	ひめだか	히메다카		BODY_COLOR	STRAIN	에도시대부터의 황(緋)색 개량메다카. JMA는 '黄'로 분류.	composed_of:黄	https://jma-medaka.com/wp-content/uploads/2022/08/250901_【公式】品種分類マニュアル_第５版.pdf | https://t-aquagarden.com/column/medaka_variety | https://namu.wiki/w/%EC%86%A1%EC%82%AC%EB%A6%AC	2026-09-28	漢字 '緋目高'.
白メダカ	しろめだか	시로메다카		BODY_COLOR	STRAIN	흑·황색소포가 없는 백체색 메다카.	composed_of:白	https://jma-medaka.com/wp-content/uploads/2022/08/250901_【公式】品種分類マニュアル_第５版.pdf | https://namu.wiki/w/%EC%86%A1%EC%82%AC%EB%A6%AC	2026-09-28	
青メダカ	あおめだか	아오메다카		BODY_COLOR	STRAIN	황색소포가 없는 청(회색 기미) 체색 메다카.	composed_of:青	https://jma-medaka.com/wp-content/uploads/2022/08/250901_【公式】品種分類マニュアル_第５版.pdf | https://namu.wiki/w/%EC%86%A1%EC%82%AC%EB%A6%AC	2026-09-28	
茶メダカ	ちゃめだか			BODY_COLOR	STRAIN	야생에 가장 가까운 체색의 개량품종(방류 금지).	composed_of:茶; same_as:黒メダカ	https://jma-medaka.com/wp-content/uploads/2022/08/250901_【公式】品種分類マニュアル_第５版.pdf | https://t-aquagarden.com/column/medaka_variety	2026-09-28	통칭 黒メダカ
プラチナ		플래티넘		LUSTER	STRAIN	은빛 품종(한국 통칭 '플래티넘 메다카').		https://gall.dcinside.com/mgallery/board/view/?id=medakafish&no=224 | https://ohlubi.com/%EB%A9%94%EB%8B%A4%EC%B9%B4/	2026-09-28	한국 입문자 대표 품종. 일본어 원명 대응 미확인(プラチナ幹之 등).
カーバンクル			Carbuncle	LUSTER	STRAIN	흑체색에 빽빽한 사파이어색 청라메, 황색 기미 지느러미(영문 샵 설명).	composed_of:黒+ラメ(青)+ヒレ黄	https://themedakaemporium.co.uk/our-medaka	2026-09-28	영국 샵 표기만 확인, 작출자 미기재.
紬			Tsumugi	LUSTER	STRAIN	견직물 '츠무기'에서 이름. 옅은 몸에 미세한 은·금 라메(영문 샵 설명).	composed_of:ラメ(銀・金)	https://themedakaemporium.co.uk/our-medaka	2026-09-28	영국 샵 표기만 확인.
ルミナ			Lumina	LUSTER	STRAIN	맑은 몸에 강한 금속광·진주광(영문 샵 설명).		https://themedakaemporium.co.uk/our-medaka	2026-09-28	영국 샵 표기만 확인.
はにぽん				EYE	STRAIN	일본메다카협회(JMA) 인정 신품종 제1호의 닉네임. 공식 품종명 'ブラックパンダ'.	composed_of:ブラック+パンダ; same_as:ブラックパンダ	https://medakazukan.net/jmaninteinumber/	2026-09-28	JMA 인정 목록(medakazukan 게재, 2023.4 기준). 읽기 미기재.
瞳				EYE	STRAIN	일본메다카협회(JMA) 인정 신품종 제2호의 닉네임. 공식 품종명 'アルビノパンダ'.	composed_of:アルビノ+パンダ; same_as:アルビノパンダ	https://medakazukan.net/jmaninteinumber/	2026-09-28	JMA 인정 목록(medakazukan 게재, 2023.4 기준). 읽기 미기재. 補足: アルビノ(チェンジカラーアイ), シースルー
雪舟				PATTERN	STRAIN	일본메다카협회(JMA) 인정 신품종 제4호의 닉네임. 공식 품종명 '白錦体外光'.	composed_of:白+錦(斑)+体外光; same_as:白錦体外光	https://medakazukan.net/jmaninteinumber/	2026-09-28	JMA 인정 목록(medakazukan 게재, 2023.4 기준). 읽기 미기재.
鮮紅				LUSTER	STRAIN	일본메다카협회(JMA) 인정 신품종 제6호의 닉네임. 공식 품종명 '青ラメ'.	composed_of:青+ラメ; same_as:青ラメ	https://medakazukan.net/jmaninteinumber/	2026-09-28	JMA 인정 목록(medakazukan 게재, 2023.4 기준). 읽기 미기재.
星				LUSTER	STRAIN	일본메다카협회(JMA) 인정 신품종 제11호의 닉네임. 공식 품종명 '青ラメ幹之体内光'.	composed_of:青+ラメ+幹之+体内光; same_as:青ラメ幹之体内光	https://medakazukan.net/jmaninteinumber/	2026-09-28	JMA 인정 목록(medakazukan 게재, 2023.4 기준). 읽기 미기재.
勾玉				FIN	STRAIN	일본메다카협회(JMA) 인정 신품종 제13호의 닉네임. 공식 품종명 '背ビレ無しアルビノ'.	composed_of:背ビレ無し(マルコ)+アルビノ; same_as:背ビレ無しアルビノ	https://medakazukan.net/jmaninteinumber/	2026-09-28	JMA 인정 목록(medakazukan 게재, 2023.4 기준). 읽기 미기재.
夜空蛍				LUSTER	STRAIN	일본메다카협회(JMA) 인정 신품종 제14호의 닉네임. 공식 품종명 '黒３色ラメ'.	composed_of:黒+3色+ラメ; same_as:黒３色ラメ	https://medakazukan.net/jmaninteinumber/	2026-09-28	JMA 인정 목록(medakazukan 게재, 2023.4 기준). 읽기 미기재.
颯太				FIN	STRAIN	일본메다카협회(JMA) 인정 신품종 제15호의 닉네임. 공식 품종명 '琥珀透明鱗菱尾'.	composed_of:琥珀+透明鱗+菱尾; same_as:琥珀透明鱗菱尾	https://medakazukan.net/jmaninteinumber/	2026-09-28	JMA 인정 목록(medakazukan 게재, 2023.4 기준). 읽기 미기재.
愛心				FIN	STRAIN	일본메다카협회(JMA) 인정 신품종 제16호의 닉네임. 공식 품종명 'アルビノ透明鱗新体型'.	composed_of:アルビノ+透明鱗+新体型(菱尾); same_as:アルビノ透明鱗新体型	https://medakazukan.net/jmaninteinumber/	2026-09-28	JMA 인정 목록(medakazukan 게재, 2023.4 기준). 읽기 미기재.
風神				FIN	STRAIN	일본메다카협회(JMA) 인정 신품종 제19호의 닉네임. 공식 품종명 '白メラー'.	composed_of:白+メラー; same_as:白メラー	https://medakazukan.net/jmaninteinumber/	2026-09-28	JMA 인정 목록(medakazukan 게재, 2023.4 기준). 읽기 미기재.
五郎丸				EYE	STRAIN	일본메다카협회(JMA) 인정 신품종 제20호의 닉네임. 공식 품종명 '青目前パンダ'.	composed_of:青+目前+パンダ; same_as:青目前パンダ	https://medakazukan.net/jmaninteinumber/	2026-09-28	JMA 인정 목록(medakazukan 게재, 2023.4 기준). 읽기 미기재.
雷神				FIN	STRAIN	일본메다카협회(JMA) 인정 신품종 제21호의 닉네임. 공식 품종명 '黄メラー'.	composed_of:黄+メラー; same_as:黄メラー	https://medakazukan.net/jmaninteinumber/	2026-09-28	JMA 인정 목록(medakazukan 게재, 2023.4 기준). 읽기 미기재.
美桜				EYE	STRAIN	일본메다카협회(JMA) 인정 신품종 제22호의 닉네임. 공식 품종명 'ピンク目前'.	composed_of:ピンク+目前; same_as:ピンク目前	https://medakazukan.net/jmaninteinumber/	2026-09-28	JMA 인정 목록(medakazukan 게재, 2023.4 기준). 읽기 미기재.
謙信				FIN	STRAIN	일본메다카협회(JMA) 인정 신품종 제23호의 닉네임. 공식 품종명 'ブラックスワローヒカリ'.	composed_of:ブラック+スワロー+ヒカリ; same_as:ブラックスワローヒカリ	https://medakazukan.net/jmaninteinumber/	2026-09-28	JMA 인정 목록(medakazukan 게재, 2023.4 기준). 읽기 미기재. 補足: 背地反応なし
福星				LUSTER	STRAIN	일본메다카협회(JMA) 인정 신품종 제24호의 닉네임. 공식 품종명 'アルビノラメ'.	composed_of:アルビノ+ラメ; same_as:アルビノラメ	https://medakazukan.net/jmaninteinumber/	2026-09-28	JMA 인정 목록(medakazukan 게재, 2023.4 기준). 읽기 미기재.
未来				LUSTER	STRAIN	일본메다카협회(JMA) 인정 신품종 제26호의 닉네임. 공식 품종명 '３色光黄金ラメ'.	composed_of:3色+光+黄金+ラメ; same_as:３色光黄金ラメ	https://medakazukan.net/jmaninteinumber/	2026-09-28	JMA 인정 목록(medakazukan 게재, 2023.4 기준). 읽기 미기재.
霞				FIN	STRAIN	일본메다카협회(JMA) 인정 신품종 제29호의 닉네임. 공식 품종명 'アルビノ体外光ヒレ長'.	composed_of:アルビノ+体外光+ヒレ長; same_as:アルビノ体外光ヒレ長	https://medakazukan.net/jmaninteinumber/	2026-09-28	JMA 인정 목록(medakazukan 게재, 2023.4 기준). 읽기 미기재.
福星光				LUSTER	STRAIN	일본메다카협회(JMA) 인정 신품종 제30호의 닉네임. 공식 품종명 'アルビノラメヒカリ'.	composed_of:アルビノ+ラメ+ヒカリ; same_as:アルビノラメヒカリ	https://medakazukan.net/jmaninteinumber/	2026-09-28	JMA 인정 목록(medakazukan 게재, 2023.4 기준). 읽기 미기재.
蝶欄				FIN	STRAIN	일본메다카협회(JMA) 인정 신품종 제32호의 닉네임. 공식 품종명 'ヒレ長ラメヒカリ'.	composed_of:ヒレ長+ラメ+ヒカリ; same_as:ヒレ長ラメヒカリ	https://medakazukan.net/jmaninteinumber/	2026-09-28	JMA 인정 목록(medakazukan 게재, 2023.4 기준). 읽기 미기재.
清流きりゅう				SCALE	STRAIN	일본메다카협회(JMA) 인정 신품종 제33호의 닉네임. 공식 품종명 '青透明鱗'.	composed_of:青+透明鱗; same_as:青透明鱗	https://medakazukan.net/jmaninteinumber/	2026-09-28	JMA 인정 목록(medakazukan 게재, 2023.4 기준). 읽기 미기재. 補足: 体内黒
もも				FIN	STRAIN	일본메다카협회(JMA) 인정 신품종 제37호의 닉네임. 공식 품종명 '白朱赤ラメ斑ヒレ長'.	composed_of:白+朱赤+ラメ+斑+ヒレ長; same_as:白朱赤ラメ斑ヒレ長	https://medakazukan.net/jmaninteinumber/ | https://jma-medaka.com/wp-content/uploads/2022/08/250901_【公式】品種分類マニュアル_第５版.pdf	2026-09-28	JMA 인정 목록(medakazukan 게재, 2023.4 기준). 읽기 미기재. ナローフィン. 大場貴保 2022 발표, 고정률 70% 초과(JMA)
燕	ツバクロ			FIN	STRAIN	JMA 인정 신품종 제38호의 닉네임. 공식 품종명 'ブラックスワローリアルロングフィンヒカリ'.	composed_of:ブラックスワローリアルロングフィンヒカリ; same_as:ブラックスワローリアルロングフィンヒカリ	https://jma-medaka.com/tag/%E6%96%B0%E5%93%81%E7%A8%AE/	2026-09-28	인정일 2024.9.3.
kimera	キメラ			EYE	STRAIN	JMA 인정 신품종 제39호의 닉네임. 공식 품종명 '黄アルビノパンダアースアイ'.	composed_of:黄アルビノパンダアースアイ; same_as:黄アルビノパンダアースアイ	https://jma-medaka.com/tag/%E6%96%B0%E5%93%81%E7%A8%AE/	2026-09-28	인정일 2024.9.3.
デビル				EYE	STRAIN	JMA 인정 신품종 제40호의 닉네임. 공식 품종명 'フラックアースアイラメスワローロングフィン'.	composed_of:フラックアースアイラメスワローロングフィン; same_as:フラックアースアイラメスワローロングフィン	https://jma-medaka.com/tag/%E6%96%B0%E5%93%81%E7%A8%AE/	2026-09-28	인정일 2024.9.3. 공식명 'フラック'은 원문 그대로(ブラック의 오기 가능).
ブロークンデビル（クリスタル）				EYE	STRAIN	JMA 인정 신품종 제41호의 닉네임. 공식 품종명 '未定'.		https://jma-medaka.com/tag/%E6%96%B0%E5%93%81%E7%A8%AE/	2026-09-28	인정일 2024.9.14.
		머메이드 펄		OTHER	STRAIN	한국 리비아쿠아 국내번식 판매명. 일본어 원명 대응 미확인.		https://liviaqua.co.kr/category/%EA%B5%AD%EB%82%B4-%EB%B8%8C%EB%A6%AC%EB%94%A9/45/	2026-09-28	Korean shop name; 한국 자체 명명 여부 불명.
		마르스		OTHER	STRAIN	한국 리비아쿠아 국내번식 판매명. 선별/비선별·레드/실버로 판매.		https://liviaqua.co.kr/category/%EA%B5%AD%EB%82%B4-%EB%B8%8C%EB%A6%AC%EB%94%A9/45/	2026-09-28	Korean shop name; 일본어 원명 미확인. '마르스 메다카 레드 비선별', '실버 비선별' 상품.
		에메랄드 문		OTHER	STRAIN	한국 리비아쿠아 국내번식 판매명.		https://liviaqua.co.kr/category/%EA%B5%AD%EB%82%B4-%EB%B8%8C%EB%A6%AC%EB%94%A9/45/	2026-09-28	Korean shop name; 일본어 원명 미확인.
		키쿠토라		OTHER	STRAIN	한국 리비아쿠아 국내번식 판매명.		https://liviaqua.co.kr/category/%EA%B5%AD%EB%82%B4-%EB%B8%8C%EB%A6%AC%EB%94%A9/45/	2026-09-28	Korean shop name; 菊虎? 등 일본어 원명 미확인—추정하지 않음.
		머메이드 블루		OTHER	STRAIN	한국 리비아쿠아 판매명(JMU타루미 오리지널, 일본 수입).		https://liviaqua.co.kr/	2026-09-28	垂水 관련 수입 개체로 표기. 일본어 원명 미확인.
		청룡		OTHER	STRAIN	한국 리비아쿠아 판매명(아즈마 브리더, 일본 수입).		https://liviaqua.co.kr/	2026-09-28	일본어 원명 미확인(青龍 등 추정하지 않음).
		삼색라메 사파이어 흑승		PATTERN	STRAIN	한국 리비아쿠아 판매명: '[정락암] 삼색라메 사파이어 흑승'. 静楽庵(정락암) 三色ラメ幹之サファイア系 黒勝ち 계통으로 보임.	composed_of:inferred:三色ラメ幹之サファイア系+黒勝ち	https://liviaqua.co.kr/	2026-09-28	'흑승'=黒勝ち의 한자 독음으로 추정(inferred).
		하푸리		SCALE	STRAIN	한국 아쿠아프로 판매명 '하푸리(홍백) 메다카'.		https://aquapro.kr/category/%EB%A9%94%EB%8B%A4%EC%B9%B4%EC%86%A1%EC%82%AC%EB%A6%AC/921/	2026-09-28	일본어 원명 미확인.
		코하카		LUSTER	STRAIN	한국 아쿠아프로 판매명 '코하카(홍제라메) 메다카', 학명표기 var. Kohka.		https://aquapro.kr/category/%EB%A9%94%EB%8B%A4%EC%B9%B4%EC%86%A1%EC%82%AC%EB%A6%AC/921/	2026-09-28	紅華(こうか)의 한국식 표기일 가능성(inferred). 괄호 '홍제라메'와 모순.
		단세나		OTHER	STRAIN	한국 아쿠아프로 판매명 '단세나 메다카'.		https://aquapro.kr/category/%EB%A9%94%EB%8B%A4%EC%B9%B4%EC%86%A1%EC%82%AC%EB%A6%AC/921/	2026-09-28	일본어 원명 미확인.
		시로부치		PATTERN	STRAIN	한국 골드문아쿠아 판매명 '시로부치 라메 메다카'·'운주 시로부치'.	composed_of:inferred:白+斑+ラメ	http://m.goldmoonaqua.com/product/list.html?cate_no=71	2026-09-28	白ブチ(しろぶち)의 음역.
		키구치 양귀비		BODY_COLOR	STRAIN	한국 리비아쿠아 판매명 '키구치 양귀비 리얼롱핀 히카리타입'(JMU셋슈).		https://liviaqua.co.kr/	2026-09-28	黄口? 등 원명 미확인—추정하지 않음.
鉄仮面		철가면/텟카멘	Tetsukamen / Iron Mask	LUSTER	MODIFIER	미유키 체외광이 머리 끝(입끝)까지 덮는 최상급 그레이드.	same_as:フルボディ; contrasts:強光	https://medakasuisan.com/medaka/post-2892/ | https://www.aqualassic.com/medaka_miyuki/ | https://t-aquagarden.com/column/miyuki_medaka | https://namu.wiki/w/%EC%86%A1%EC%82%AC%EB%A6%AC | https://medakapedia.com/strains/miyuki	2026-09-28	엄밀히는 フルボディ와 출처·특징이 다르다는 설도 있으나 현재는 거의 동일 취급(めだか水産). JMA는 '鉄仮面'을 珍種 항목에도 둠(별개 개념).
フルボディ		풀바디	Full body	LUSTER	MODIFIER	체외광이 꼬리부터 머리 끝까지 등 전체에 뻗은 개체/그레이드.	same_as:鉄仮面	https://medakasuisan.com/medaka/post-2892/ | https://t-aquagarden.com/column/miyuki_medaka | https://goldmoonaqua.com/product/%EB%AF%B8%EC%9C%A0%ED%82%A4-%ED%92%80%EB%B0%94%EB%94%94-%EB%A9%94%EB%8B%A4%EC%B9%B4-1%EC%8C%8D/110/ | https://br-choku.com/en/column/medaka-variety-guide	2026-09-28	한국 샵 '미유키 풀바디'.
強光				LUSTER	MODIFIER	체외광이 등의 절반 이상~머리 앞까지 실린 표준형 미유키 그레이드. JMA는 ヒカリ 체형 형질보충명으로도 사용.	contrasts:弱光; contrasts:鉄仮面	https://www.aqualassic.com/medaka_miyuki/ | https://medakasuisan.com/medaka/post-2892/ | https://t-aquagarden.com/column/miyuki_medaka | https://jma-medaka.com/wp-content/uploads/2022/08/250901_【公式】品種分類マニュアル_第５版.pdf	2026-09-28	
中光				LUSTER	MODIFIER	강광과 약광 사이 범위의 체외광 그레이드.	contrasts:強光	https://www.aqualassic.com/medaka_miyuki/	2026-09-28	
弱光				LUSTER	MODIFIER	등의 일부만 빛나는 미유키 그레이드. 저렴.	contrasts:強光	https://www.aqualassic.com/medaka_miyuki/ | https://medakasuisan.com/medaka/post-2892/	2026-09-28	
点光				LUSTER	MODIFIER	점처럼 드문드문한 최소 체외광 그레이드.	contrasts:弱光	https://www.aqualassic.com/medaka_miyuki/	2026-09-28	
スーパー光				LUSTER	MODIFIER	강광과 같은 뜻으로 쓰이는 강화 그레이드.	same_as:強光	https://medakasuisan.com/medaka/post-2892/	2026-09-28	
スーパー強光				LUSTER	MODIFIER	등 전체가 강하게 빛나는 상위 그레이드.	contrasts:強光	https://t-aquagarden.com/column/miyuki_medaka	2026-09-28	
スーパー				OTHER	MODIFIER	상위 그레이드를 나타내는 접두어(スーパー体内光, スーパーブラック, オレンジスーパーヒカリ 등).		https://jma-medaka.com/wp-content/uploads/2022/08/250901_【公式】品種分類マニュアル_第５版.pdf | https://t-aquagarden.com/column/medaka_variety | https://t-aquagarden.com/column/miyuki_medaka	2026-09-28	JMA: 가슴지느러미 부근까지 빛나는 체내광을 '스퍼 체내광'이라 부름.
極	きわみ			OTHER	MODIFIER	정점·완성형을 뜻하는 이름 요소(極龍, サバの極み).		https://hinsyu-zukan.satumano-medakayasan.com/page/10/ | https://hinsyu-zukan.satumano-medakayasan.com/page/20/	2026-09-28	극룡의 '極'은 작출처 '極めだか' 이름이기도 함—그레이드어인지 고유명인지 모호.
系				OTHER	MODIFIER	특정 품종·계통에서 유래한 무리를 뜻하는 접미어(サファイア系, オーロラ系, 幹之系, 鱗血統 등).	same_as:系統	https://jma-medaka.com/wp-content/uploads/2022/08/250901_【公式】品種分類マニュアル_第５版.pdf | https://www.hime-medaka.com/medakanohinsyu/ | https://hinsyu-zukan.satumano-medakayasan.com/page/4/	2026-09-28	JMA는 '系統'과 '形質'을 구분하라고 강조.
タイプ		타입		OTHER	MODIFIER	같은 품종 안의 표현 변이를 구분하는 접미어(黒勝ちタイプ, 白黒タイプ, ヒカリタイプ, typeR, エメラルドフィンタイプ).		https://piscesbook.com/archives/category/newinfomation/medaka-zukan | https://www.gex-fp.co.jp/fish/breed_cat/medaka_catalog/ | https://hinsyu-zukan.satumano-medakayasan.com/page/19/ | https://liviaqua.co.kr/	2026-09-28	한국 샵 '히카리타입'.
黒勝ち		흑승		PATTERN	MODIFIER	무늬에서 먹(검정) 면적이 우세함. 静楽庵 계통은 70% 이상.		https://piscesbook.com/archives/category/newinfomation/medaka-zukan | https://liviaqua.co.kr/	2026-09-28	한국 표기 '흑승'은 inferred.
改				OTHER	MODIFIER	기존 품종을 개량한 후속 계통을 뜻하는 접미어(魔王・改, ラメ王改, 黒竜覇改).		https://hinsyu-zukan.satumano-medakayasan.com/page/9/ | https://hinsyu-zukan.satumano-medakayasan.com/page/11/ | https://piscesbook.com/archives/category/newinfomation/medaka-zukan	2026-09-28	
NEO	ネオ		NEO	OTHER	MODIFIER	기존 품종의 신계통을 뜻하는 접미어(菜花NEO, ピンクサファイアNEO).		https://www.medakanoyakata.jp/?mode=cate&cbid=2838660&csid=0&sort=n	2026-09-28	めだかの館 사용례
進化系				OTHER	MODIFIER	기존 품종을 더 발전시킨 파생 계통을 부르는 말.		https://hinsyu-zukan.satumano-medakayasan.com/page/12/ | https://hinsyu-zukan.satumano-medakayasan.com/page/19/ | https://www.hime-medaka.com/medakanohinsyu/	2026-09-28	
亜種				FIN	MODIFIER	모르포 파생 표현(꼬리지느러미 기부 연조를 따라 구아닌광)을 부르는 애호가 용어. 생물학적 아종과 무관.	same_as:モルフォ亜種; same_as:ヒレライン	https://hinsyu-zukan.satumano-medakayasan.com/%E7%94%A8%E8%AA%9E%E9%9B%86/ | https://jma-medaka.com/wp-content/uploads/2022/08/250901_【公式】品種分類マニュアル_第５版.pdf	2026-09-28	
F1	えふわん	F1	F1	OTHER	MODIFIER	교배로 태어난 제1세대. 판매명에 붙어 '교배 1대'를 표시(王華F1 등).	contrasts:F2	https://medakazukan.net/%E6%94%B9%E8%89%AF%E3%83%A1%E3%83%80%E3%82%AB%E3%81%AE%E5%9F%BA%E7%A4%8E%E7%94%A8%E8%AA%9E%E3%81%BE%E3%81%A8%E3%82%81%E3%80%80%EF%BD%9E%E5%93%81%E7%A8%AE%E3%83%BB%E9%A3%BC%E8%82%B2%E7%B7%A8%EF%BD%9E/ | https://www.medakalog.shop/medaka-glossary | https://medakapedia.com/glossary | http://m.goldmoonaqua.com/product/list.html?cate_no=71	2026-09-28	F4 등 세대 표기도 사용(輪夢×カブト改F4, 墨ノ不 F4).
DW	ディープホワイト		Deep White	PATTERN	MODIFIER	흰 바탕을 강화한 특성 표기(白ブチDW 등).		https://piscesbook.com/archives/category/newinfomation/medaka-zukan	2026-09-28	静楽庵 2026
純血				OTHER	MODIFIER	다른 계통이 섞이지 않은 혈통을 강조하는 말(純血の幹之, 純血統).	same_as:純系	https://hinsyu-zukan.satumano-medakayasan.com/page/6/ | https://hinsyu-zukan.satumano-medakayasan.com/page/13/	2026-09-28	
半	はん			BODY_SHAPE	MODIFIER	중간형을 뜻하는 접두어(半ダルマ, 半透明鱗).		https://jma-medaka.com/wp-content/uploads/2022/08/250901_【公式】品種分類マニュアル_第５版.pdf | https://t-aquagarden.com/column/medaka_variety | https://medakapedia.com/glossary	2026-09-28	나무위키 '반달마'.
オリジナル		오리지널		OTHER	MODIFIER	작출처 자체 계통임을 표시하는 판매 수식어(猫飯オリジナル 등).		https://nekomanma7.ocnk.net/product-list/47 | https://liviaqua.co.kr/	2026-09-28	
最上級		최상급		OTHER	MODIFIER	한국 샵에서 선별 개체 등급 표시(최상급 선별개체).		https://liviaqua.co.kr/category/%EA%B5%AD%EB%82%B4-%EB%B8%8C%EB%A6%AC%EB%94%A9/45/	2026-09-28	Korean-market 표기
種魚級		종어급		OTHER	MODIFIER	한국 샵에서 번식용 종어로 쓸 만한 등급 표시.		http://m.goldmoonaqua.com/product/list.html?cate_no=71	2026-09-28	Korean-market 표기('마리아주 롱핀(종어급)'). 일본어 대응 表記 미확인.
選別個体		선별개체		OTHER	MODIFIER	선별을 거친 개체(판매 등급).	contrasts:未選別	https://liviaqua.co.kr/category/%EA%B5%AD%EB%82%B4-%EB%B8%8C%EB%A6%AC%EB%94%A9/45/ | https://www.hime-medaka.com/medakanositumonn/sennbetumore.html	2026-09-28	
未選別		비선별		OTHER	MODIFIER	선별하지 않은 상태로 파는 개체.	contrasts:選別個体	https://liviaqua.co.kr/category/%EA%B5%AD%EB%82%B4-%EB%B8%8C%EB%A6%AC%EB%94%A9/45/	2026-09-28	한국 '비선별'.
ヒカリタイプ		히카리타입		BODY_SHAPE	MODIFIER	히카리 체형 개체를 표시하는 판매 수식어.		https://liviaqua.co.kr/	2026-09-28	
改良メダカ	かいりょうめだか	개량 메다카	Improved medaka	OTHER	JARGON	니혼메다카의 돌연변이를 교배·선발로 고정한 메다카의 총칭.	contrasts:野生メダカ	https://jma-medaka.com/wp-content/uploads/2022/08/250901_【公式】品種分類マニュアル_第５版.pdf | https://medakapedia.com/glossary	2026-09-28	
品種	ひんしゅ	품종	Variety	OTHER	JARGON	니혼메다카 안에서 특징이 다른 그룹.		https://medakazukan.net/%E6%94%B9%E8%89%AF%E3%83%A1%E3%83%80%E3%82%AB%E3%81%AE%E5%9F%BA%E7%A4%8E%E7%94%A8%E8%AA%9E%E3%81%BE%E3%81%A8%E3%82%81%E3%80%80%EF%BD%9E%E5%93%81%E7%A8%AE%E3%83%BB%E9%A3%BC%E8%82%B2%E7%B7%A8%EF%BD%9E/ | https://medakapedia.com/glossary	2026-09-28	
品種名	ひんしゅめい		Variety name	OTHER	JARGON	JMA 방식에서는 형질을 형질일람표 순서대로 조합해 붙이는 이름(예: 黄体外光).	contrasts:ニックネーム	https://jma-medaka.com/wp-content/uploads/2022/08/250901_【公式】品種分類マニュアル_第５版.pdf | https://medakapedia.com/glossary	2026-09-28	
形質	けいしつ		Trait	OTHER	JARGON	눈으로 판별 가능하고 자손에 유전되는 특징(JMA 정의).	contrasts:系統	https://jma-medaka.com/wp-content/uploads/2022/08/250901_【公式】品種分類マニュアル_第５版.pdf | https://medakazukan.net/%E6%94%B9%E8%89%AF%E3%83%A1%E3%83%80%E3%82%AB%E3%81%AE%E5%9F%BA%E7%A4%8E%E7%94%A8%E8%AA%9E%E3%81%BE%E3%81%A8%E3%82%81%E3%80%80%EF%BD%9E%E5%93%81%E7%A8%AE%E3%83%BB%E9%A3%BC%E8%82%B2%E7%B7%A8%EF%BD%9E/	2026-09-28	
形質補足				OTHER	JARGON	형질의 하위 범주. 새 특징은 먼저 형질보충에 들어갔다가 안정되면 형질로 승격.		https://jma-medaka.com/wp-content/uploads/2022/08/250901_【公式】品種分類マニュアル_第５版.pdf	2026-09-28	
共通補足				OTHER	JARGON	여러 형질에 걸치거나 분류가 어려운 특징의 범주(ヒレ美, ヒレ光, 頂点眼 등).		https://jma-medaka.com/wp-content/uploads/2022/08/250901_【公式】品種分類マニュアル_第５版.pdf	2026-09-28	
珍種	ちんしゅ		Novelty	OTHER	JARGON	한 마리만 발견되고 다음 세대 유전이 확인되지 않은 특징(메라노마, 철가면, 사자머리 등).		https://jma-medaka.com/wp-content/uploads/2022/08/250901_【公式】品種分類マニュアル_第５版.pdf | https://medakapedia.com/glossary	2026-09-28	JMA 珍種 목록에 '鉄仮面' 포함—체외광 그레이드 '鉄仮面'과 동음이의.
ニックネーム			Nickname	OTHER	JARGON	품종에 붙이는 고유 이름(애칭). 하우스네임·브리더네임이라고도.	same_as:ハウスネーム	https://jma-medaka.com/wp-content/uploads/2022/08/250901_【公式】品種分類マニュアル_第５版.pdf | https://medakazukan.net/%E6%94%B9%E8%89%AF%E3%83%A1%E3%83%80%E3%82%AB%E3%81%AE%E5%9F%BA%E7%A4%8E%E7%94%A8%E8%AA%9E%E3%81%BE%E3%81%A8%E3%82%81%E3%80%80%EF%BD%9E%E5%93%81%E7%A8%AE%E3%83%BB%E9%A3%BC%E8%82%B2%E7%B7%A8%EF%BD%9E/	2026-09-28	
ハウスネーム			House name	OTHER	JARGON	작출자가 붙이는 독자 이름. 닉네임과 비슷하게 쓰이나 정의가 모호.	same_as:ニックネーム; same_as:ブリーダーネーム	https://jma-medaka.com/wp-content/uploads/2022/08/250901_【公式】品種分類マニュアル_第５版.pdf | https://medakazukan.net/%E6%94%B9%E8%89%AF%E3%83%A1%E3%83%80%E3%82%AB%E3%81%AE%E5%9F%BA%E7%A4%8E%E7%94%A8%E8%AA%9E%E3%81%BE%E3%81%A8%E3%82%81%E3%80%80%EF%BD%9E%E5%93%81%E7%A8%AE%E3%83%BB%E9%A3%BC%E8%82%B2%E7%B7%A8%EF%BD%9E/ | https://hinsyu-zukan.satumano-medakayasan.com/ | https://medakapedia.com/glossary	2026-09-28	
ブリーダーネーム				OTHER	JARGON	하우스네임의 다른 말.	same_as:ハウスネーム	https://jma-medaka.com/wp-content/uploads/2022/08/250901_【公式】品種分類マニュアル_第５版.pdf	2026-09-28	
同種異名問題				OTHER	JARGON	같은 품종에 다른 닉네임이 붙어 분류 혼란을 낳는 문제.		https://jma-medaka.com/wp-content/uploads/2022/08/250901_【公式】品種分類マニュアル_第５版.pdf	2026-09-28	
系統	けいとう	계통	Line	OTHER	JARGON	광의: 공통 조상을 가진 개체군 / 협의: 선발기준을 갖고 누대 번식한 개체군.	contrasts:形質; same_as:血統	https://jma-medaka.com/wp-content/uploads/2022/08/250901_【公式】品種分類マニュアル_第５版.pdf | https://medakazukan.net/%E6%94%B9%E8%89%AF%E3%83%A1%E3%83%80%E3%82%AB%E3%81%AE%E5%9F%BA%E7%A4%8E%E7%94%A8%E8%AA%9E%E3%81%BE%E3%81%A8%E3%82%81%E3%80%80%EF%BD%9E%E5%93%81%E7%A8%AE%E3%83%BB%E9%A3%BC%E8%82%B2%E7%B7%A8%EF%BD%9E/ | https://note.com/medakayumeya/n/naf7d5b72524d | https://medakapedia.com/glossary	2026-09-28	JMA 예: 오로라 계통≠반투명린(형질).
血統	けっとう	혈통	Bloodline	OTHER	JARGON	특정 조상에서 이어지는 가계. '○○血統'(鱗血統 등)처럼 쓰임.	same_as:系統	https://jma-medaka.com/wp-content/uploads/2022/08/250901_【公式】品種分類マニュアル_第５版.pdf | https://medakapedia.com/glossary | https://hinsyu-zukan.satumano-medakayasan.com/page/15/	2026-09-28	
鱗血統				OTHER	JARGON	垂水政治 작출 鱗光·ブロンズ·王妃 등 인광 관련 품종을 묶어 부르는 통일 계통명.		https://jma-medaka.com/wp-content/uploads/2022/08/250901_【公式】品種分類マニュアル_第５版.pdf	2026-09-28	
オーロラ系統				OTHER	JARGON	초대 오로라 메다카에서 나온 모든 개체군. 반투명린 형질이 없는 개체도 포함.	contrasts:半透明鱗	https://jma-medaka.com/wp-content/uploads/2022/08/250901_【公式】品種分類マニュアル_第５版.pdf	2026-09-28	
非透明鱗系統				OTHER	JARGON	투명린 형질을 조상에 갖지 않는 계통(非透明鱗三色 등).	contrasts:透明鱗	https://jma-medaka.com/wp-content/uploads/2022/08/250901_【公式】品種分類マニュアル_第５版.pdf	2026-09-28	
純系	じゅんけい		Pure line	OTHER	JARGON	유전적으로 균일한 근교 계통.	same_as:純血	https://medakapedia.com/glossary	2026-09-28	
累代	るいだい	누대	Line-breeding	OTHER	JARGON	형질을 다음 세대로 이어가며 세대를 거듭하는 번식(累代繁殖·累代飼育).		https://medakazukan.net/%E6%94%B9%E8%89%AF%E3%83%A1%E3%83%80%E3%82%AB%E3%81%AE%E5%9F%BA%E7%A4%8E%E7%94%A8%E8%AA%9E%E3%81%BE%E3%81%A8%E3%82%81%E3%80%80%EF%BD%9E%E5%93%81%E7%A8%AE%E3%83%BB%E9%A3%BC%E8%82%B2%E7%B7%A8%EF%BD%9E/ | https://jma-medaka.com/wp-content/uploads/2022/08/250901_【公式】品種分類マニュアル_第５版.pdf | https://medakapedia.com/glossary	2026-09-28	한국어 '누대'는 사용례 미확인(직역).
交配	こうはい	교배	Crossing	OTHER	JARGON	새 품종을 만들기 위해 메다카를 교잡하는 것.		https://medakazukan.net/%E6%94%B9%E8%89%AF%E3%83%A1%E3%83%80%E3%82%AB%E3%81%AE%E5%9F%BA%E7%A4%8E%E7%94%A8%E8%AA%9E%E3%81%BE%E3%81%A8%E3%82%81%E3%80%80%EF%BD%9E%E5%93%81%E7%A8%AE%E3%83%BB%E9%A3%BC%E8%82%B2%E7%B7%A8%EF%BD%9E/ | https://medakapedia.com/glossary	2026-09-28	
交雑	こうざつ		Crossbreeding	OTHER	JARGON	서로 다른 집단 간의 교잡.		https://medakapedia.com/glossary	2026-09-28	
作出	さくしゅつ	작출	Creation	OTHER	JARGON	의도적으로 새 품종을 만들어내는 일.		https://medakazukan.net/%E6%94%B9%E8%89%AF%E3%83%A1%E3%83%80%E3%82%AB%E3%81%AE%E5%9F%BA%E7%A4%8E%E7%94%A8%E8%AA%9E%E3%81%BE%E3%81%A8%E3%82%81%E3%80%80%EF%BD%9E%E5%93%81%E7%A8%AE%E3%83%BB%E9%A3%BC%E8%82%B2%E7%B7%A8%EF%BD%9E/ | https://medakapedia.com/glossary	2026-09-28	
新品種	しんひんしゅ		New variety	OTHER	JARGON	새 형질 또는 새 형질 조합을 가진 메다카.		https://medakazukan.net/%E6%94%B9%E8%89%AF%E3%83%A1%E3%83%80%E3%82%AB%E3%81%AE%E5%9F%BA%E7%A4%8E%E7%94%A8%E8%AA%9E%E3%81%BE%E3%81%A8%E3%82%81%E3%80%80%EF%BD%9E%E5%93%81%E7%A8%AE%E3%83%BB%E9%A3%BC%E8%82%B2%E7%B7%A8%EF%BD%9E/ | https://jma-medaka.com/wp-content/uploads/2022/08/250901_【公式】品種分類マニュアル_第５版.pdf	2026-09-28	
新系統	しんけいとう		New line	OTHER	JARGON	새로 확립된 번식 계통.		https://medakapedia.com/glossary | https://www.medakanoyakata.jp/?mode=cate&cbid=2838660&csid=0&sort=n	2026-09-28	
認定品種				OTHER	JARGON	일본메다카협회가 인정·등록한 신품종(第○号).		https://medakazukan.net/jmaninteinumber/ | https://jma-medaka.com/tag/%E6%96%B0%E5%93%81%E7%A8%AE/ | https://jma-medaka.com/wp-content/uploads/2022/08/250901_【公式】品種分類マニュアル_第５版.pdf	2026-09-28	
固定率	こていりつ	고정률	Fixation rate	OTHER	JARGON	종친에서 태어난 새끼 중 부모와 같은 표현형을 가진 개체의 비율.		https://www.medakalog.shop/medaka-glossary | https://medakazukan.net/%E6%94%B9%E8%89%AF%E3%83%A1%E3%83%80%E3%82%AB%E3%81%AE%E5%9F%BA%E7%A4%8E%E7%94%A8%E8%AA%9E%E3%81%BE%E3%81%A8%E3%82%81%E3%80%80%EF%BD%9E%E5%93%81%E7%A8%AE%E3%83%BB%E9%A3%BC%E8%82%B2%E7%B7%A8%EF%BD%9E/ | https://medakapedia.com/glossary | https://note.com/medakayumeya/n/naf7d5b72524d	2026-09-28	
固定品種	こていひんしゅ		Fixed variety	OTHER	JARGON	고정률 30% 이상의 품종(改良メダカWEB図鑑 정의).		https://medakazukan.net/%E6%94%B9%E8%89%AF%E3%83%A1%E3%83%80%E3%82%AB%E3%81%AE%E5%9F%BA%E7%A4%8E%E7%94%A8%E8%AA%9E%E3%81%BE%E3%81%A8%E3%82%81%E3%80%80%EF%BD%9E%E5%93%81%E7%A8%AE%E3%83%BB%E9%A3%BC%E8%82%B2%E7%B7%A8%EF%BD%9E/ | https://medakapedia.com/glossary	2026-09-28	
固定化	こていか		Fixing	OTHER	JARGON	선발기준을 바꾸지 않고 누대 번식해 특징을 안정시키는 과정.		https://jma-medaka.com/wp-content/uploads/2022/08/250901_【公式】品種分類マニュアル_第５版.pdf | https://medakapedia.com/glossary	2026-09-28	
表現型	ひょうげんがた		Phenotype	OTHER	JARGON	눈에 보이는 형질의 나타남.		https://medakapedia.com/glossary | https://jma-medaka.com/wp-content/uploads/2022/08/250901_【公式】品種分類マニュアル_第５版.pdf	2026-09-28	
表現型値				OTHER	JARGON	특징이 드러나는 정도. 유전요인과 환경요인으로 결정.		https://jma-medaka.com/wp-content/uploads/2022/08/250901_【公式】品種分類マニュアル_第５版.pdf	2026-09-28	
表現				OTHER	JARGON	개체가 품종 특징(색·무늬·빛)을 드러내는 양상. '○○表現', '亜種表現'처럼 씀.	same_as:表現型	https://hinsyu-zukan.satumano-medakayasan.com/page/12/ | https://hinsyu-zukan.satumano-medakayasan.com/page/17/ | https://jma-medaka.com/wp-content/uploads/2022/08/250901_【公式】品種分類マニュアル_第５版.pdf	2026-09-28	'表現率'은 검색상 정의 페이지를 확인하지 못함—행 미작성.
選別	せんべつ	선별	Selection	OTHER	JARGON	기형 제거·종친 선택·판매 등급 나누기 등 기준에 따라 개체를 고르는 작업.		https://www.medakalog.shop/medaka-glossary | https://medakazukan.net/%E6%94%B9%E8%89%AF%E3%83%A1%E3%83%80%E3%82%AB%E3%81%AE%E5%9F%BA%E7%A4%8E%E7%94%A8%E8%AA%9E%E3%81%BE%E3%81%A8%E3%82%81%E3%80%80%EF%BD%9E%E5%93%81%E7%A8%AE%E3%83%BB%E9%A3%BC%E8%82%B2%E7%B7%A8%EF%BD%9E/ | https://www.hime-medaka.com/medakanositumonn/sennbetumore.html | https://note.com/medakayumeya/n/naf7d5b72524d	2026-09-28	
ハネ				OTHER	JARGON	선별 기준에 못 미쳐 제외된 개체. 동사 'ハネる'.	same_as:選別漏れ(inferred)	https://www.hime-medaka.com/medakanositumonn/sennbetumore.html	2026-09-28	
選別漏れ	せんべつもれ			OTHER	JARGON	선별에서 걸러진(혹은 걸러지지 못한) 개체. MIX로 판매되기도.		https://www.hime-medaka.com/medakanositumonn/sennbetumore.html | https://note.com/medakayumeya/n/naf7d5b72524d	2026-09-28	
ミックスメダカ			MIX medaka	OTHER	JARGON	교배 과정의 잡종이나 선별에서 제외된 개체를 섞어 파는 것.		https://www.hime-medaka.com/medakanositumonn/sennbetumore.html	2026-09-28	
兄弟メダカ	きょうだいめだか		Sibling medaka	OTHER	JARGON	같은 배에서 난 개체. 판매상 정품 세트보다 저렴한 등급.		https://medakazukan.net/%E6%94%B9%E8%89%AF%E3%83%A1%E3%83%80%E3%82%AB%E3%81%AE%E5%9F%BA%E7%A4%8E%E7%94%A8%E8%AA%9E%E3%81%BE%E3%81%A8%E3%82%81%E3%80%80%EF%BD%9E%E5%93%81%E7%A8%AE%E3%83%BB%E9%A3%BC%E8%82%B2%E7%B7%A8%EF%BD%9E/ | https://medakapedia.com/glossary	2026-09-28	
種親	たねおや	종친		OTHER	JARGON	번식에 쓰기 위해 고른 부모 메다카.		https://www.medakalog.shop/medaka-glossary	2026-09-28	한국어 '종어'가 대응어로 쓰이는 듯(종어급)—inferred.
親魚候補				OTHER	JARGON	다음 세대 번식용으로 고른 성장 개체 후보.		https://note.com/medakayumeya/n/naf7d5b72524d	2026-09-28	
針子	はりこ		Hatchling	OTHER	JARGON	부화 직후의 가장 어린 성장 단계.	contrasts:稚魚	https://medakazukan.net/%E6%94%B9%E8%89%AF%E3%83%A1%E3%83%80%E3%82%AB%E3%81%AE%E5%9F%BA%E7%A4%8E%E7%94%A8%E8%AA%9E%E3%81%BE%E3%81%A8%E3%82%81%E3%80%80%EF%BD%9E%E5%93%81%E7%A8%AE%E3%83%BB%E9%A3%BC%E8%82%B2%E7%B7%A8%EF%BD%9E/ | https://note.com/medakayumeya/n/naf7d5b72524d | https://medakapedia.com/glossary	2026-09-28	
稚魚	ちぎょ	치어	Fry	OTHER	JARGON	하리코보다 자란 어린 메다카.		https://medakazukan.net/%E6%94%B9%E8%89%AF%E3%83%A1%E3%83%80%E3%82%AB%E3%81%AE%E5%9F%BA%E7%A4%8E%E7%94%A8%E8%AA%9E%E3%81%BE%E3%81%A8%E3%82%81%E3%80%80%EF%BD%9E%E5%93%81%E7%A8%AE%E3%83%BB%E9%A3%BC%E8%82%B2%E7%B7%A8%EF%BD%9E/ | https://note.com/medakayumeya/n/naf7d5b72524d | https://gall.dcinside.com/mgallery/board/view/?id=medakafish&no=224	2026-09-28	
幼魚	ようぎょ	유어		OTHER	JARGON	약 1cm 단계. 색·체형 차이를 평가.		https://note.com/medakayumeya/n/naf7d5b72524d | https://gall.dcinside.com/mgallery/board/view/?id=medakafish&no=224 | http://m.goldmoonaqua.com/product/list.html?cate_no=71	2026-09-28	한국 '유어 분양'.
若魚	わかぎょ			OTHER	JARGON	약 2cm 단계. 체형·품종 특징이 보이기 시작.		https://note.com/medakayumeya/n/naf7d5b72524d	2026-09-28	
成魚	せいぎょ		Adult fish	OTHER	JARGON	2.5cm 이상, 암수·골격 이상이 뚜렷해지는 단계.		https://note.com/medakayumeya/n/naf7d5b72524d | https://medakapedia.com/glossary	2026-09-28	
上見	うわみ	상면관상	Top view	OTHER	JARGON	위에서 메다카를 보는 기본 감상법.	contrasts:横見	https://www.medakalog.shop/medaka-glossary | https://medakapedia.com/glossary | https://goldmoonaqua.com/product/%EB%AF%B8%EC%9C%A0%ED%82%A4-%ED%92%80%EB%B0%94%EB%94%94-%EB%A9%94%EB%8B%A4%EC%B9%B4-1%EC%8C%8D/110/	2026-09-28	한국 '상면관상'.
横見	よこみ		Side view	OTHER	JARGON	옆에서 메다카를 보는 감상법.	contrasts:上見	https://www.medakalog.shop/medaka-glossary | https://medakapedia.com/glossary	2026-09-28	
普通種	ふつうしゅ		Normal body type	OTHER	JARGON	변형이 없는 기본형(보통 체형·보통 눈). 품평회 '普通種メダカ部門'.		https://jma-medaka.com/wp-content/uploads/2022/08/250901_【公式】品種分類マニュアル_第５版.pdf | https://medakapedia.com/glossary	2026-09-28	JMA Q32: 투명 정도 4그룹 중 기준 '普通種'.
普通鱗				SCALE	JARGON	투명린과 비교해 일반 비늘을 부르는 말.	contrasts:透明鱗	https://jma-medaka.com/wp-content/uploads/2022/08/250901_【公式】品種分類マニュアル_第５版.pdf	2026-09-28	
原種				OTHER	JARGON	메다카의 원종. 2012년경 키타노메다카·미나미메다카 2종으로 판명.	contrasts:改良メダカ	https://www.hime-medaka.com/medakanositumonn/gensyumedaka.html | https://t-aquagarden.com/column/medaka_variety	2026-09-28	
野生メダカ	やせいめだか		Wild medaka	OTHER	JARGON	사육 개량되지 않은 자연 집단.	contrasts:改良メダカ	https://medakapedia.com/glossary | https://jma-medaka.com/wp-content/uploads/2022/08/250901_【公式】品種分類マニュアル_第５版.pdf	2026-09-28	
キタノメダカ			Northern medaka	OTHER	JARGON	청森~교토 일본해쪽 분포 원종. 수컷 등지느러미 절개 작음, 비늘 윤곽 그물 모양.	contrasts:ミナミメダカ	https://www.hime-medaka.com/medakanositumonn/gensyumedaka.html | https://medakapedia.com/glossary	2026-09-28	
ミナミメダカ			Southern medaka	OTHER	JARGON	그 외 지역 원종. 학명 Oryzias latipes.	contrasts:キタノメダカ	https://www.hime-medaka.com/medakanositumonn/gensyumedaka.html | https://medakapedia.com/glossary	2026-09-28	
黒メダカ				OTHER	JARGON	야생형에 가까운 메다카의 통칭. JMA는 '茶', 개량 흑색은 '블랙'으로 구분.	same_as:茶メダカ; contrasts:ブラック	https://t-aquagarden.com/column/medaka_variety | https://jma-medaka.com/wp-content/uploads/2022/08/250901_【公式】品種分類マニュアル_第５版.pdf	2026-09-28	
色揚げ	いろあげ		Color enhancement	OTHER	JARGON	사료·환경으로 체색을 짙게 하는 것. JMA는 환경요인이라 형질로 보지 않음.		https://www.medakalog.shop/medaka-glossary | https://jma-medaka.com/wp-content/uploads/2022/08/250901_【公式】品種分類マニュアル_第５版.pdf | https://medakapedia.com/glossary	2026-09-28	
色飛び				OTHER	JARGON	무늬·색이 성장이나 환경으로 빠지는 현상('色飛びしないブチ模様').		https://hinsyu-zukan.satumano-medakayasan.com/page/8/ | https://hinsyu-zukan.satumano-medakayasan.com/page/9/	2026-09-28	정의 페이지 미확인, 사용례만.
色褪せ				OTHER	JARGON	체색이 바래는 현상(色褪せしない黒).		https://hinsyu-zukan.satumano-medakayasan.com/page/4/ | https://hinsyu-zukan.satumano-medakayasan.com/page/19/	2026-09-28	사용례만.
背地反応	はいちはんのう		Background response	BODY_COLOR	JARGON	주변(용기) 색에 맞춰 체색이 변하는 반응.		https://www.medakalog.shop/medaka-glossary | https://jma-medaka.com/wp-content/uploads/2022/08/250901_【公式】品種分類マニュアル_第５版.pdf | https://medakapedia.com/glossary	2026-09-28	
婚姻色	こんいんしょく		Nuptial coloration	OTHER	JARGON	번식기에 주황·주홍이 짙어지는 현상.		https://medakazukan.net/%E6%94%B9%E8%89%AF%E3%83%A1%E3%83%80%E3%82%AB%E3%81%AE%E5%9F%BA%E7%A4%8E%E7%94%A8%E8%AA%9E%E3%81%BE%E3%81%A8%E3%82%81%E3%80%80%EF%BD%9E%E5%93%81%E7%A8%AE%E3%83%BB%E9%A3%BC%E8%82%B2%E7%B7%A8%EF%BD%9E/ | https://medakapedia.com/glossary	2026-09-28	
品評会				OTHER	JARGON	메다카의 아름다움을 심사하는 대회(日本メダカ品評会 등).		https://jma-medaka.com/wp-content/uploads/2022/08/250901_【公式】品種分類マニュアル_第５版.pdf	2026-09-28	
F2			F2	OTHER	JARGON	교배 제2세대.	contrasts:F1	https://www.medakalog.shop/medaka-glossary	2026-09-28	
P世代	ぴーせだい		P generation	OTHER	JARGON	교배의 부모 세대.		https://medakapedia.com/glossary	2026-09-28	
ヘテロ			Heterozygous	OTHER	JARGON	대립유전자 2개가 서로 다른 상태.	contrasts:ホモ	https://medakapedia.com/glossary	2026-09-28	
ホモ			Homozygous	OTHER	JARGON	대립유전자가 같은 상태.	contrasts:ヘテロ	https://medakapedia.com/glossary	2026-09-28	
親抜き				OTHER	JARGON	산란한 용기에서 부모를 빼고 알만 남겨 부화시키는 번식법.		https://1977.muragon.com/entry/38.html	2026-09-28	검색 요약 기준. '親抜け'는 의미 미확정.
		분양		OTHER	JARGON	한국 메다카 판매 관용어 '분양'(개체 판매).		https://gall.dcinside.com/mgallery/board/view/?id=medakafish&no=224 | https://ohlubi.com/%EB%A9%94%EB%8B%A4%EC%B9%B4/	2026-09-28	Korean-market 용어. 일본어 표기는 한국어의 한자어 대응(inferred).
		국내번식		OTHER	JARGON	한국 샵에서 국내 브리딩 개체 표시.	contrasts:일본수입개체	https://liviaqua.co.kr/category/%EA%B5%AD%EB%82%B4-%EB%B8%8C%EB%A6%AC%EB%94%A9/45/	2026-09-28	Korean-market 표기
		일본수입개체		OTHER	JARGON	한국 샵에서 일본에서 수입한 개체 표시.	contrasts:국내번식	https://liviaqua.co.kr/	2026-09-28	Korean-market 표기
		한쌍		OTHER	JARGON	암수 1쌍 판매 단위.		https://liviaqua.co.kr/ | https://liviaqua.co.kr/category/%EA%B5%AD%EB%82%B4-%EB%B8%8C%EB%A6%AC%EB%94%A9/45/	2026-09-28	Korean-market 표기. 일본어 ペア 대응(inferred).
