"seed","pmid","year","title","bin","would_be_claim_or_change","level","note"
"kimura2014","36260636","2022","A community-science approach identifies genetic variants associated with three color morphs in ball pythons (Python regius).","COMPARATIVE","","OBSERVATIONAL","Non-medaka species; pigmentation/morphology-related but no medaka experiment"
"kimura2014","29234131","2017","A gene expression study of ornamental fin shape in Neolamprologus brichardi, an African cichlid species.","COMPARATIVE","","OBSERVATIONAL","Non-medaka species; pigmentation/morphology-related but no medaka experiment"
"kimura2014;kimura2017;nagao2014","37823232","2023","A gene regulatory network combining Pax3/7, Sox10 and Mitf generates diverse pigment cell types in medaka and zebrafish.","NEW_CLAIM","mitf required for melanophore/xanthophore/leucophore formation; pax7 switches xanthophore/leucophore fate downstream of mitf (medaka)","FUNCTIONAL_VALIDATION","Medaka mitf and pax3/pax7 mutant phenotypes analyzed directly; genome-edited mutants"
"kimura2017;nagao2014","41805030","2026","A Simple Method for RNA-Seq of Manually Isolated Chromatophores in Oryzias Fishes.","IRRELEVANT","","","RNA-seq methods paper for chromatophore isolation"
"kimura2017;nagao2014","30286071","2018","A systems biology approach uncovers the core gene regulatory network governing iridophore fate choice from the neural crest.","COMPARATIVE","","OBSERVATIONAL","Non-medaka species; pigmentation/morphology-related but no medaka experiment"
"kimura2014","42384684","2026","A transcription factor modulates dermal architecture to generate structural and pigment color diversity in lizards.","COMPARATIVE","","OBSERVATIONAL","Non-medaka species; pigmentation/morphology-related but no medaka experiment"
"nagao2014","28027432","2017","An allelic series at pax7a is associated with colour polymorphism diversity in Lake Malawi cichlid fish.","COMPARATIVE","","OBSERVATIONAL","Non-medaka species; pigmentation/morphology-related but no medaka experiment"
"kimura2014;nagao2014","34997156","2022","Analysis of yellow mutant rainbow trout transcriptomes at different developmental stages reveals dynamic regulation of skin pigmentation genes.","COMPARATIVE","","OBSERVATIONAL","Non-medaka species; pigmentation/morphology-related but no medaka experiment"
"kimura2014","34002228","2021","Avian Coloration Genetics: Recent Advances and Emerging Questions.","COMPARATIVE","","OBSERVATIONAL","Non-medaka species; pigmentation/morphology-related but no medaka experiment"
"kimura2014","36824335","2021","Bicolor angelfish (Centropyge bicolor) provides the first chromosome-level genome of the Pomacanthidae family.","IRRELEVANT","","","Unrelated biology, methods, review with no medaka trait-gene data, or production/nutrition focus"
"kimura2014;nagao2014","33954044","2021","Brazilian silverside, Atherinella brasiliensis (Quoy & Gaimard,1825) embryos as a test-species for marine fish ecotoxicological tests.","IRRELEVANT","","","Unrelated biology, methods, review with no medaka trait-gene data, or production/nutrition focus"
"kimura2014;nagao2014","34948326","2021","Cell Fate Decisions in the Neural Crest, from Pigment Cell to Neural Development.","COMPARATIVE","","OBSERVATIONAL","Non-medaka species; pigmentation/morphology-related but no medaka experiment"
"kimura2017","40785257","2025","Cell Tracing by a Multicolor Reporter Transgenic Iberian Ribbed Newt Pleurodeles waltl.","IRRELEVANT","","","Unrelated biology, methods, review with no medaka trait-gene data, or production/nutrition focus"
"kimura2014","41875157","2026","Cell type diversification and phenotype convergence underlying white fin-ornamentation of cyprinid fishes.","COMPARATIVE","","OBSERVATIONAL","Zebrafish/minnow leucophore mechanism; medaka white cells mentioned only in passing comparison"
"nagao2014","39491612","2025","Characterization and functional analysis of pl-miR-2188 in melanin synthesis in leopard coral grouper (Plectropomus leopardus).","COMPARATIVE","","OBSERVATIONAL","Non-medaka species; pigmentation/morphology-related but no medaka experiment"
"nagao2014","26297555","2016","Characterization of Pax3 and Pax7 genes and their expression patterns during different development and growth stages of Japanese pufferfish Takifugu rubripes.","COMPARATIVE","","OBSERVATIONAL","Non-medaka species; pigmentation/morphology-related but no medaka experiment"
"kimura2014","31948394","2020","Comparative transcriptomics reveals candidate carotenoid color genes in an East African cichlid fish.","COMPARATIVE","","OBSERVATIONAL","Non-medaka species; pigmentation/morphology-related but no medaka experiment"
"kimura2014","36671700","2022","Comprehensive Transcriptome Analysis of Different Skin Colors to Evaluate Genes Related to the Production of Pigment in Celestial Goldfish.","COMPARATIVE","","OBSERVATIONAL","Non-medaka species; pigmentation/morphology-related but no medaka experiment"
"kimura2014","PPR116053","2020","Contrasted gene decay in subterranean vertebrates: insights from cavefishes and fossorial mammals","COMPARATIVE","","OBSERVATIONAL","Non-medaka species; pigmentation/morphology-related but no medaka experiment"
"kimura2014;nagao2014","34807452","2021","Contribution of sox9b to pigment cell formation in medaka fish.","NEW_CLAIM","sox9b contributes to pigment cell (esp. leucophore) formation redundantly with sox10a/b (medaka)","FUNCTIONAL_VALIDATION","sox9b/sox10a/sox10b compound CRISPR mutants in medaka, leucophore counts reduced"
"kimura2017","40752587","2025","Creation of colorless transparent tilapia using CRISPR/Cas9 mediated multi-gene mutation.","COMPARATIVE","","OBSERVATIONAL","Tilapia pnp4a/tfec CRISPR transparency; comparative confirmation of pnp4a role already causal in medaka (kimura2017)"
"kimura2014;nagao2014","35020872","2021","Cyclical fate restriction: a new view of neural crest cell fate specification.","COMPARATIVE","","OBSERVATIONAL","Non-medaka species; pigmentation/morphology-related but no medaka experiment"
"kimura2017","IND608453362","2023","Deep spatiotemporal transcriptome analysis provides new insights into early development of koi carp (Cyprinus carpio var. koi)","IRRELEVANT","","","Unrelated biology, methods, review with no medaka trait-gene data, or production/nutrition focus"
"nagao2014","32117987","2020","Developmental and Cellular Basis of Vertical Bar Color Patterns in the East African Cichlid Fish Haplochromis latifasciatus.","COMPARATIVE","","OBSERVATIONAL","Non-medaka species; pigmentation/morphology-related but no medaka experiment"
"kimura2014;kimura2017;nagao2014","30633441","2019","Developmental and comparative transcriptomic identification of iridophore contribution to white barring in clownfish.","COMPARATIVE","","OBSERVATIONAL","Non-medaka species; pigmentation/morphology-related but no medaka experiment"
"kimura2014;nagao2014","29621239","2018","Distinct interactions of Sox5 and Sox10 in fate specification of pigment cells in medaka and zebrafish.","CHANGES_CLAIM","ml-3/leucophore-related: nuances sox5's role - sox5 promotes xanthophores/represses leucophores in medaka, opposite direction to zebrafish; interacts with sox10","FUNCTIONAL_VALIDATION","Adds mechanism (Sox5 vs Sox10 epistasis) to existing nagao2014 sox5/ml-3 claim, same level, strengthens/complicates it"
"nagao2014","29684491","2018","Dynamic regulation of mRNA and miRNA associated with the developmental stages of skin pigmentation in Japanese ornamental carp.","COMPARATIVE","","OBSERVATIONAL","Non-medaka species; pigmentation/morphology-related but no medaka experiment"
"kimura2014","40591091","2025","Effects of homochromatic lights on the physiological responses and morphochromatic traits of scarlet badis, Dario dario (Hamilton, 1822).","COMPARATIVE","","OBSERVATIONAL","Non-medaka species; pigmentation/morphology-related but no medaka experiment"
"kimura2014","25887993","2015","Embryonic and larval development in the Midas cichlid fish species flock (Amphilophus spp.): a new evo-devo model for the investigation of adaptive novelties and species differences.","IRRELEVANT","","","Midas cichlid staging paper, medaka cited only for developmental-stage homology"
"kimura2014;kimura2017","30845151","2019","Enhanced in vivo-imaging in medaka by optimized anaesthesia, fluorescent protein selection and removal of pigmentation.","NEW_CLAIM","oca2 knockout removes pigmentation (with pnp4a) in medaka","FUNCTIONAL_VALIDATION","Methods paper but reports oca2;pnp4a CRISPR double mutant medaka are fully transparent; oca2 not yet in ontology"
"kimura2017","34607603","2021","Epigenetic dynamics shaping melanophore and iridophore cell fate in zebrafish.","COMPARATIVE","","OBSERVATIONAL","Non-medaka species; pigmentation/morphology-related but no medaka experiment"
"kimura2014","40769387","2025","Establishment of a transgenic strain for the whole brain calcium imaging in larval medaka fish (Oryzias latipes).","IRRELEVANT","","","Methods: GCaMP calcium imaging transgenic line"
"kimura2014;nagao2014","33743392","2021","Evolution of pigment cells and patterns: recent insights from teleost fishes.","COMPARATIVE","","OBSERVATIONAL","Non-medaka species; pigmentation/morphology-related but no medaka experiment"
"kimura2014;nagao2014","31138706","2019","Fate plasticity and reprogramming in genetically distinct populations of Danio leucophores.","COMPARATIVE","","OBSERVATIONAL","Non-medaka species; pigmentation/morphology-related but no medaka experiment"
"kimura2014","26811288","2016","Fish Chromatophores--From Molecular Motors to Animal Behavior.","COMPARATIVE","","OBSERVATIONAL","Non-medaka species; pigmentation/morphology-related but no medaka experiment"
"kimura2014","33220300","2021","Fish skin pigmentation in aquaculture: The influence of rearing conditions and its neuroendocrine regulation.","COMPARATIVE","","OBSERVATIONAL","Non-medaka species; pigmentation/morphology-related but no medaka experiment"
"nagao2014","30172378","2018","FoxG1 facilitates proliferation and inhibits differentiation by downregulating FoxO/Smad signaling in glioblastoma.","IRRELEVANT","","","Unrelated biology, methods, review with no medaka trait-gene data, or production/nutrition focus"
"kimura2014","32159878","2020","Functional colour genes and signals of selection in colour-polymorphic salamanders.","COMPARATIVE","","OBSERVATIONAL","Non-medaka species; pigmentation/morphology-related but no medaka experiment"
"kimura2014","31986190","2020","Generation of a white-albino phenotype from cobalt blue and yellow-albino rainbow trout (Oncorhynchus mykiss): Inheritance pattern and chromatophores analysis.","COMPARATIVE","","OBSERVATIONAL","Non-medaka species; pigmentation/morphology-related but no medaka experiment"
"kimura2014","33760303","2021","Generation of no-yellow-pigment Xenopus tropicalis by slc2a7 gene knockout.","COMPARATIVE","","OBSERVATIONAL","Xenopus slc2a7 knockout; cites medaka slc2a11b/slc2a15b only as reference"
"kimura2014","26715094","2015","Genetic Architecture of Conspicuous Red Ornaments in Female Threespine Stickleback.","COMPARATIVE","","OBSERVATIONAL","Non-medaka species; pigmentation/morphology-related but no medaka experiment"
"kimura2017","31547242","2019","Genetic Characteristic and RNA-Seq Analysis in Transparent Mutant of Carp-Goldfish Nucleocytoplasmic Hybrid.","COMPARATIVE","","OBSERVATIONAL","Non-medaka species; pigmentation/morphology-related but no medaka experiment"
"kimura2017","39215102","2025","Genetic control over biogenic crystal morphogenesis in zebrafish.","COMPARATIVE","","OBSERVATIONAL","Non-medaka species; pigmentation/morphology-related but no medaka experiment"
"kimura2014","41593472","2026","Genomic basis of the evolution of vertical bars in clownfishes.","COMPARATIVE","","OBSERVATIONAL","Non-medaka species; pigmentation/morphology-related but no medaka experiment"
"kimura2014","35263139","2022","Genomic consequences of domestication of the Siamese fighting fish.","COMPARATIVE","","OBSERVATIONAL","Non-medaka species; pigmentation/morphology-related but no medaka experiment"
"kimura2014","33469041","2021","Global tissue transcriptomic analysis to improve genome annotation and unravel skin pigmentation in goldfish.","COMPARATIVE","","OBSERVATIONAL","Non-medaka species; pigmentation/morphology-related but no medaka experiment"
"nagao2014","40235167","2025","GTP cyclohydrolase II (gch2) and axanthism in ball pythons: A new vertebrate model for pterin-based pigmentation.","COMPARATIVE","","OBSERVATIONAL","Non-medaka species; pigmentation/morphology-related but no medaka experiment"
"kimura2014;kimura2017;nagao2014","29445519","2018","Highly efficient generation of knock-in transgenic medaka by CRISPR/Cas9-mediated genome engineering.","IRRELEVANT","","","CRISPR knock-in methods paper, no trait-gene finding"
"kimura2014;nagao2014","33145484","2020","Identification and Characterization of Highly Fluorescent Pigment Cells in Embryos of the Arabian Killifish (&lt;i&gt;Aphanius Dispar&lt;/i&gt;).","COMPARATIVE","","OBSERVATIONAL","Non-medaka species; pigmentation/morphology-related but no medaka experiment"
"kimura2017","39759023","2024","Inconspicuous breeding coloration to conceal eggs during mouthbrooding in male cardinalfish.","IRRELEVANT","","","Unrelated biology, methods, review with no medaka trait-gene data, or production/nutrition focus"
"kimura2017","IND608440470","2024","Industrial perspective: propagation, phenotypic characteristics, and varieties of the domesticated discus fish (Symphysodon spp.)","IRRELEVANT","","","Unrelated biology, methods, review with no medaka trait-gene data, or production/nutrition focus"
"kimura2014","42416792","2026","INHAND: Non-proliferative and proliferative lesions of fish - Chapter 7. Fish integumentary system.","IRRELEVANT","","","Unrelated biology, methods, review with no medaka trait-gene data, or production/nutrition focus"
"nagao2014","41666561","2026","Integrated ATAC-seq and RNA-seq analyses reveal epigenetic regulation of body color variation in the leopard coral grouper (Plectropomus leopardus).","COMPARATIVE","","OBSERVATIONAL","Non-medaka species; pigmentation/morphology-related but no medaka experiment"
"kimura2014;nagao2014","42314468","2026","Integrative genomic and transcriptomic analyses identify key regulators of skin pigmentation in Larimichthys crocea.","COMPARATIVE","","OBSERVATIONAL","Non-medaka species; pigmentation/morphology-related but no medaka experiment"
"kimura2014","34653947","2021","Integrative mRNA-miRNA interaction analysis reveals the molecular mechanism of skin color variation between wild-type and yellow mutant rainbow trout (Oncorhynchus mykiss).","COMPARATIVE","","OBSERVATIONAL","Non-medaka species; pigmentation/morphology-related but no medaka experiment"
"kimura2017","41734530","2026","Integrative transcriptomic and metabolomic analysis of body color formation in transparent goldfish (Carassius auratus).","COMPARATIVE","","OBSERVATIONAL","Non-medaka species; pigmentation/morphology-related but no medaka experiment"
"kimura2017","39075472","2024","Keratinocytes drive the epithelial hyperplasia key to sea lice resistance in coho salmon.","IRRELEVANT","","","Unrelated biology, methods, review with no medaka trait-gene data, or production/nutrition focus"
"kimura2014;nagao2014","25546351","2015","Leucophore identity is more gold than silver.","NEEDS_FULLTEXT","","","No abstract text available on Europe PMC (commentary/News&Views); title suggests discussion of medaka sox5/leucophore work"
"kimura2014","28244868","2017","Lipid droplet biology and evolution illuminated by the characterization of a novel perilipin in teleost fish.","IRRELEVANT","","","Unrelated biology, methods, review with no medaka trait-gene data, or production/nutrition focus"
"kimura2014","41639367","2026","Loss-of-function mutations in the melanocortin-2-receptor (mc2r) lead to skin hyperpigmentation in teleost fish.","COMPARATIVE","","OBSERVATIONAL","Non-medaka species; pigmentation/morphology-related but no medaka experiment"
"kimura2014;nagao2014","30819536","2019","Magic Traits in Magic Fish: Understanding Color Pattern Evolution Using Reef Fish.","COMPARATIVE","","OBSERVATIONAL","Non-medaka species; pigmentation/morphology-related but no medaka experiment"
"kimura2014","37487589","2023","Mechanisms Underlying the Formation and Evolution of Vertebrate Color Patterns.","COMPARATIVE","","OBSERVATIONAL","Non-medaka species; pigmentation/morphology-related but no medaka experiment"
"nagao2014","28639422","2017","Medaka and zebrafish contactin1 mutants as a model for understanding neural circuits for motor coordination.","IRRELEVANT","","","Positional cloning of medaka ro/cntn1b, but locomotor/behavioral phenotype outside ornamental-trait ontology scope"
"kimura2014","41634310","2026","Melanophore and fluoroleucophore photo-protect the Arabian killifish, Aphanius dispar, embryo from ultraviolet light.","COMPARATIVE","","OBSERVATIONAL","Non-medaka species; pigmentation/morphology-related but no medaka experiment"
"nagao2014","27347933","2016","MicroRNA-21a-5p Functions on the Regulation of Melanogenesis by Targeting Sox5 in Mouse Skin Melanocytes.","COMPARATIVE","","OBSERVATIONAL","Non-medaka species; pigmentation/morphology-related but no medaka experiment"
"kimura2014","26254713","2015","Molecular genetic response of Xiphophorus maculatus-X. couchianus interspecies hybrid skin to UVB exposure.","COMPARATIVE","","OBSERVATIONAL","Non-medaka species; pigmentation/morphology-related but no medaka experiment"
"kimura2014;kimura2017","33621224","2021","Molecular parallelisms between pigmentation in the avian iris and the integument of ectothermic vertebrates.","COMPARATIVE","","OBSERVATIONAL","Non-medaka species; pigmentation/morphology-related but no medaka experiment"
"kimura2017","31428133","2019","Morphological Characteristics and Comparative Transcriptome Analysis of Three Different Phenotypes of Pristella maxillaris.","COMPARATIVE","","OBSERVATIONAL","Non-medaka species; pigmentation/morphology-related but no medaka experiment"
"kimura2017","38946032","2025","Mutation of mpv17 results in loss of iridophores due to mitochondrial dysfunction in tilapia.","COMPARATIVE","","OBSERVATIONAL","Non-medaka species; pigmentation/morphology-related but no medaka experiment"
"nagao2014","38010612","2024","Myron Gordon Award Lecture 2023: Painting the neural crest: How studying pigment cells illuminates neural crest cell biology.","COMPARATIVE","","OBSERVATIONAL","Non-medaka species; pigmentation/morphology-related but no medaka experiment"
"kimura2014","IND607413587","2021","Natural‐like pigmentation in cultured fish stocks, not only a matter of nutrition. A review of Salmonidae and Sparidae families, with a particular focus on the red porgy Pagrus pagrus","IRRELEVANT","","","Unrelated biology, methods, review with no medaka trait-gene data, or production/nutrition focus"
"kimura2014;kimura2017;nagao2014","34027978","2021","Nile Tilapia: A Model for Studying Teleost Color Patterns.","COMPARATIVE","","OBSERVATIONAL","Non-medaka species; pigmentation/morphology-related but no medaka experiment"
"kimura2014;nagao2014","25421288","2015","Origins of adult pigmentation: diversity in pigment stem cell lineages and implications for pattern evolution.","COMPARATIVE","","OBSERVATIONAL","Non-medaka species; pigmentation/morphology-related but no medaka experiment"
"kimura2014;nagao2014","38819758","2024","Pax7 is involved in leucophore formation in goldfish and gene knockout improves the transparency of transparent goldfish.","COMPARATIVE","","OBSERVATIONAL","Non-medaka species; pigmentation/morphology-related but no medaka experiment"
"kimura2014;nagao2014","27053658","2016","Pax7 is required for establishment of the xanthophore lineage in zebrafish embryos.","COMPARATIVE","","OBSERVATIONAL","Non-medaka species; pigmentation/morphology-related but no medaka experiment"
"nagao2014","25660115","2015","Pheomelanin in fish?","COMPARATIVE","","OBSERVATIONAL","Non-medaka species; pigmentation/morphology-related but no medaka experiment"
"kimura2014","40748573","2025","Pigmentation and colour changing mechanism in fishes.","COMPARATIVE","","OBSERVATIONAL","Non-medaka species; pigmentation/morphology-related but no medaka experiment"
"kimura2014","35679302","2022","Population Genomics of Variegated Toad-Headed Lizard Phrynocephalus versicolor and Its Adaptation to the Colorful Sand of the Gobi Desert.","COMPARATIVE","","OBSERVATIONAL","Non-medaka species; pigmentation/morphology-related but no medaka experiment"
"kimura2014","34403644","2021","Pterin-based pigmentation in animals.","COMPARATIVE","","OBSERVATIONAL","Non-medaka species; pigmentation/morphology-related but no medaka experiment"
"kimura2017","40838533","2025","Purine Molecular Interactions Determine Anisotropic Shape of Zebrafish Biogenic Crystals.","COMPARATIVE","","OBSERVATIONAL","Non-medaka species; pigmentation/morphology-related but no medaka experiment"
"kimura2014","39289030","2025","Segregation Between an Ornamental and a Disease Driver Gene Provides Insights Into Pigment Cell Regulation.","COMPARATIVE","","OBSERVATIONAL","Xiphophorus hybrid pigment-cell/oncogene locus"
"kimura2014","34397384","2021","Single-cell RNA analysis identifies pre-migratory neural crest cells expressing markers of differentiated derivatives.","COMPARATIVE","","OBSERVATIONAL","Non-medaka species; pigmentation/morphology-related but no medaka experiment"
"kimura2017","39898521","2025","Single-cell sequencing provides clues about the developmental genetic basis of evolutionary adaptations in syngnathid fishes.","IRRELEVANT","","","Unrelated biology, methods, review with no medaka trait-gene data, or production/nutrition focus"
"nagao2014","35915728","2022","Skin patterning and internal anatomy in a fossil moonfish from the Eocene Bolca Lagerstätte illuminate the ecology of ancient reef fish communities.","IRRELEVANT","","","Unrelated biology, methods, review with no medaka trait-gene data, or production/nutrition focus"
"kimura2014","25052154","2014","Sox5 and chromatophores: switching pigment cell fates.","NEEDS_FULLTEXT","","","No abstract text available on Europe PMC (commentary/News&Views); title suggests discussion of medaka sox5/leucophore work"
"nagao2014","29378592","2018","Sox5 is involved in germ-cell regulation and sex determination in medaka following co-option of nested transposable elements.","IRRELEVANT","","","sox5 medaka mutant used, but phenotype is sex reversal, not an ornamental/pigment trait in scope"
"kimura2014;nagao2014","40434648","2025","Specialized molecular pathways drive the formation of light-scattering assemblies in leucophores.","COMPARATIVE","","OBSERVATIONAL","Non-medaka species; pigmentation/morphology-related but no medaka experiment"
"kimura2014;kimura2017","PPR192317","2020","Spotting genome-wide pigmentation variation in a brown trout admixture context","COMPARATIVE","","OBSERVATIONAL","Non-medaka species; pigmentation/morphology-related but no medaka experiment"
"kimura2014;kimura2017","40801644","2025","Synergistic Regulation of Pigment Cell Precursors' Differentiation and Migration by &lt;i&gt;ednrb1a&lt;/i&gt; and &lt;i&gt;ednrb2&lt;/i&gt; in Nile Tilapia.","COMPARATIVE","","OBSERVATIONAL","Non-medaka species; pigmentation/morphology-related but no medaka experiment"
"kimura2014","29599177","2018","Teleost Fish-Specific Preferential Retention of Pigmentation Gene-Containing Families After Whole Genome Duplications in Vertebrates.","COMPARATIVE","","OBSERVATIONAL","Non-medaka species; pigmentation/morphology-related but no medaka experiment"
"kimura2014","38976731","2024","The dynamic behavior of chromatophores marks the transition from bands to spots in leopard geckos.","COMPARATIVE","","OBSERVATIONAL","Non-medaka species; pigmentation/morphology-related but no medaka experiment"
"kimura2014","32124926","2020","The Estrogen-Responsive Transcriptome of Female Secondary Sexual Traits in the Gulf Pipefish.","IRRELEVANT","","","Unrelated biology, methods, review with no medaka trait-gene data, or production/nutrition focus"
"kimura2014","37204606","2023","The genetic basis of the leafy seadragon's unique camouflage morphology and avenues for its efficient conservation derived from habitat modeling.","COMPARATIVE","","OBSERVATIONAL","Non-medaka species; pigmentation/morphology-related but no medaka experiment"
"kimura2014","34460822","2021","The genetics and evolution of eye color in domestic pigeons (Columba livia).","COMPARATIVE","","OBSERVATIONAL","Pigeon iris color GWAS+causal variant in SLC2A11B - same gene as medaka wl (kimura2014); striking convergent comparative confirmation"
"kimura2014","25855651","2015","The genomic and genetic toolbox of the teleost medaka (Oryzias latipes).","IRRELEVANT","","","General medaka toolbox review, no specific trait-gene data"
"kimura2014","31421397","2019","The identification of genes involved in the evolution of color patterns in fish.","COMPARATIVE","","OBSERVATIONAL","Non-medaka species; pigmentation/morphology-related but no medaka experiment"
"kimura2017","35189950","2022","The Medaka Inbred Kiyosu-Karlsruhe (MIKK) panel.","IRRELEVANT","","","MIKK inbred panel resource paper"
"kimura2017","39110288","2024","Transcriptome Profiling of Gene Expression in Atlantic Salmon (Salmo salar) at Early Stage of Development.","IRRELEVANT","","","Unrelated biology, methods, review with no medaka trait-gene data, or production/nutrition focus"
"kimura2014","34459920","2021","Two Genomic Loci Control Three Eye Colors in the Domestic Pigeon (Columba livia).","COMPARATIVE","","OBSERVATIONAL","Pigeon two-loci eye-color genetics; comparative pigmentation genetics, no medaka data"
"kimura2014;nagao2014","41683796","2026","Tyrosinase-Deficient Skin Melanophore Lineage in &lt;i&gt;Xenopus tropicalis&lt;/i&gt; Tadpoles Shows Strong Autofluorescence.","COMPARATIVE","","OBSERVATIONAL","Xenopus tyrosinase-deficient melanophore lineage; comparative only"
"kimura2014;nagao2014","37253924","2023","Uric acid is a major chemical constituent for the whitish coloration in the medaka leucophores.","IRRELEVANT","","","Medaka leucophore chemistry (uric acid), no gene link; interesting phenotype detail but not a claim"
"nagao2014","34147131","2021","Variation on a theme: pigmentation variants and mutants of anemonefish.","COMPARATIVE","","OBSERVATIONAL","Non-medaka species; pigmentation/morphology-related but no medaka experiment"
"kimura2014;nagao2014","26247887","2016","What is a vertebrate pigment cell?","COMPARATIVE","","OBSERVATIONAL","Non-medaka species; pigmentation/morphology-related but no medaka experiment"
"kimura2017","30882790","2019","Wholemount In Situ Hybridization for Astyanax Embryos.","IRRELEVANT","","","Unrelated biology, methods, review with no medaka trait-gene data, or production/nutrition focus"
"kimura2014;nagao2014","36878908","2023","Zebrafish pigment cells develop directly from persistent highly multipotent progenitors.","COMPARATIVE","","OBSERVATIONAL","Non-medaka species; pigmentation/morphology-related but no medaka experiment"
"nagao2014","31509458","2019","Zebrafish Pigment Pattern Formation: Insights into the Development and Evolution of Adult Form.","COMPARATIVE","","OBSERVATIONAL","Non-medaka species; pigmentation/morphology-related but no medaka experiment"
